fieldId,targetColumn,excelColumn,preguntaOrigen,fuenteDatos,transformationType,estadoCobertura,puedeLlenarseHoy,requiereTransformacion,requiereModificarFormulario,requiereModificarBD,requiereModificarPreguntas,requiereNuevaReglaNegocio,debePermanecerVacio,imposibleActualmente,cambiosRequeridos,riesgos,prioridad
"MSPAS_A","A","A - No. | 1","secuencia interna","secuencia interna","identifier","CUBIERTO_HOY","SI","NO","NO","NO","NO","NO","NO","NO","Sin cambios estructurales","Riesgo bajo","BAJA"
"MSPAS_B","B","B - Nombre del Hospital","encabezado.hospital","encabezado.hospital","identifier","CUBIERTO_HOY","SI","NO","NO","NO","NO","NO","NO","NO","Sin cambios estructurales","Riesgo bajo","BAJA"
"MSPAS_C","C","C - No. De pacientes atendidos en COEX durante el periodo evaluado","no existe en UISAU (pacientes COEX del periodo)","no existe en UISAU (pacientes COEX del periodo)","direct","IMPOSIBLE_ACTUALMENTE","NO","SI","NO","SI","NO","SI","NO","SI","Incorporar fuente externa o captura de pacientes COEX por periodo","Sin este dato el bloque estadistico inicial queda incompleto","ALTA"
"MSPAS_D","D","D - No. Total de encuestas","conteo agregado de respuestas","conteo agregado de respuestas","direct","CUBIERTO_HOY","SI","NO","NO","NO","NO","NO","NO","NO","Sin cambios estructurales","Riesgo bajo","BAJA"
"MSPAS_E","E","E - % de encuestas | #DIV/0!","formula en plantilla","formula en plantilla","calculated","CUBIERTO_HOY","SI","SI","NO","NO","NO","NO","NO","NO","Asegurar formula y control de division por cero","Error #DIV/0! si denominador es cero","BAJA"
"MSPAS_F","F","F - No. De pacientes atendidos en COEX durante el periodo evaluado","no existe en UISAU (pacientes COEX del periodo)","no existe en UISAU (pacientes COEX del periodo)","direct","IMPOSIBLE_ACTUALMENTE","NO","SI","NO","SI","NO","SI","NO","SI","Incorporar fuente externa o captura de pacientes COEX por periodo","Sin este dato el bloque estadistico inicial queda incompleto","ALTA"
"MSPAS_G","G","G - No. Total de encuestas","conteo agregado de respuestas","conteo agregado de respuestas","direct","CUBIERTO_HOY","SI","NO","NO","NO","NO","NO","NO","NO","Sin cambios estructurales","Riesgo bajo","BAJA"
"MSPAS_H","H","H - % de encuestas | #DIV/0!","formula en plantilla","formula en plantilla","calculated","CUBIERTO_HOY","SI","SI","NO","NO","NO","NO","NO","NO","Asegurar formula y control de division por cero","Error #DIV/0! si denominador es cero","BAJA"
"MSPAS_I","I","I - No. De pacientes atendidos en COEX durante el periodo evaluado","no existe en UISAU (pacientes COEX del periodo)","no existe en UISAU (pacientes COEX del periodo)","direct","IMPOSIBLE_ACTUALMENTE","NO","SI","NO","SI","NO","SI","NO","SI","Incorporar fuente externa o captura de pacientes COEX por periodo","Sin este dato el bloque estadistico inicial queda incompleto","ALTA"
"MSPAS_J","J","J - No. Total de encuestas","conteo agregado de respuestas","conteo agregado de respuestas","direct","CUBIERTO_HOY","SI","NO","NO","NO","NO","NO","NO","NO","Sin cambios estructurales","Riesgo bajo","BAJA"
"MSPAS_K","K","K - % de encuestas | #DIV/0!","formula en plantilla","formula en plantilla","calculated","CUBIERTO_HOY","SI","SI","NO","NO","NO","NO","NO","NO","Asegurar formula y control de division por cero","Error #DIV/0! si denominador es cero","BAJA"
"MSPAS_L","L","L - Forma en que se aplicó la encuesta (impreso - digital)","regla de negocio (captura digital actual)","regla de negocio (captura digital actual)","direct","CUBIERTO_CON_CAMBIOS_MENORES","SI","SI","NO","NO","NO","SI","NO","NO","Definir codificacion oficial impreso vs digital (actualmente solo digital)","Ambiguedad semantica si MSPAS exige codigos especificos","MEDIA"
"MSPAS_M","M","M - Origen etnico | Origen etnico | Maya","encabezado.origen_etnico","encabezado.origen_etnico","catalog_one_hot","CUBIERTO_CON_CAMBIOS_MENORES","SI","SI","NO","NO","NO","SI","NO","NO","Normalizar origen_etnico y definir tratamiento de valor Otro","Posible perdida de granularidad para valor Otro","MEDIA"
"MSPAS_N","N","N - Origen etnico | Origen etnico | Xinca","encabezado.origen_etnico","encabezado.origen_etnico","catalog_one_hot","CUBIERTO_CON_CAMBIOS_MENORES","SI","SI","NO","NO","NO","SI","NO","NO","Normalizar origen_etnico y definir tratamiento de valor Otro","Posible perdida de granularidad para valor Otro","MEDIA"
"MSPAS_O","O","O - Origen etnico | Origen etnico | Garífuna","encabezado.origen_etnico","encabezado.origen_etnico","catalog_one_hot","CUBIERTO_CON_CAMBIOS_MENORES","SI","SI","NO","NO","NO","SI","NO","NO","Normalizar origen_etnico y definir tratamiento de valor Otro","Posible perdida de granularidad para valor Otro","MEDIA"
"MSPAS_P","P","P - Origen etnico | Origen etnico | Mestizo/Ladino","encabezado.origen_etnico","encabezado.origen_etnico","catalog_one_hot","CUBIERTO_CON_CAMBIOS_MENORES","SI","SI","NO","NO","NO","SI","NO","NO","Normalizar origen_etnico y definir tratamiento de valor Otro","Posible perdida de granularidad para valor Otro","MEDIA"
"MSPAS_Q","Q","Q - Idioma predominante | Idioma predominante | Achi (1)","Idioma predominante","Idioma predominante","catalog_code_one_hot","IMPOSIBLE_ACTUALMENTE","NO","SI","SI","SI","SI","SI","NO","SI","Agregar captura de idioma predominante (catalogo 26 MSPAS) y persistencia","Brecha critica de cobertura en 26 columnas del Excel","ALTA"
"MSPAS_R","R","R - Idioma predominante | Idioma predominante | Akateko (2)","Idioma predominante","Idioma predominante","catalog_code_one_hot","IMPOSIBLE_ACTUALMENTE","NO","SI","SI","SI","SI","SI","NO","SI","Agregar captura de idioma predominante (catalogo 26 MSPAS) y persistencia","Brecha critica de cobertura en 26 columnas del Excel","ALTA"
"MSPAS_S","S","S - Idioma predominante | Idioma predominante | Awakateco (3)","Idioma predominante","Idioma predominante","catalog_code_one_hot","IMPOSIBLE_ACTUALMENTE","NO","SI","SI","SI","SI","SI","NO","SI","Agregar captura de idioma predominante (catalogo 26 MSPAS) y persistencia","Brecha critica de cobertura en 26 columnas del Excel","ALTA"
"MSPAS_T","T","T - Idioma predominante | Idioma predominante | Chalchiteko (4)","Idioma predominante","Idioma predominante","catalog_code_one_hot","IMPOSIBLE_ACTUALMENTE","NO","SI","SI","SI","SI","SI","NO","SI","Agregar captura de idioma predominante (catalogo 26 MSPAS) y persistencia","Brecha critica de cobertura en 26 columnas del Excel","ALTA"
"MSPAS_U","U","U - Idioma predominante | Idioma predominante | Chaltiteko (5)","Idioma predominante","Idioma predominante","catalog_code_one_hot","IMPOSIBLE_ACTUALMENTE","NO","SI","SI","SI","SI","SI","NO","SI","Agregar captura de idioma predominante (catalogo 26 MSPAS) y persistencia","Brecha critica de cobertura en 26 columnas del Excel","ALTA"
"MSPAS_V","V","V - Idioma predominante | Idioma predominante | Chuj (6)","Idioma predominante","Idioma predominante","catalog_code_one_hot","IMPOSIBLE_ACTUALMENTE","NO","SI","SI","SI","SI","SI","NO","SI","Agregar captura de idioma predominante (catalogo 26 MSPAS) y persistencia","Brecha critica de cobertura en 26 columnas del Excel","ALTA"
"MSPAS_W","W","W - Idioma predominante | Idioma predominante | Itza (7)","Idioma predominante","Idioma predominante","catalog_code_one_hot","IMPOSIBLE_ACTUALMENTE","NO","SI","SI","SI","SI","SI","NO","SI","Agregar captura de idioma predominante (catalogo 26 MSPAS) y persistencia","Brecha critica de cobertura en 26 columnas del Excel","ALTA"
"MSPAS_X","X","X - Idioma predominante | Idioma predominante | Ixil (8)","Idioma predominante","Idioma predominante","catalog_code_one_hot","IMPOSIBLE_ACTUALMENTE","NO","SI","SI","SI","SI","SI","NO","SI","Agregar captura de idioma predominante (catalogo 26 MSPAS) y persistencia","Brecha critica de cobertura en 26 columnas del Excel","ALTA"
"MSPAS_Y","Y","Y - Idioma predominante | Idioma predominante | Jakalteko (9)","Idioma predominante","Idioma predominante","catalog_code_one_hot","IMPOSIBLE_ACTUALMENTE","NO","SI","SI","SI","SI","SI","NO","SI","Agregar captura de idioma predominante (catalogo 26 MSPAS) y persistencia","Brecha critica de cobertura en 26 columnas del Excel","ALTA"
"MSPAS_Z","Z","Z - Idioma predominante | Idioma predominante | Kaqchikel (10)","Idioma predominante","Idioma predominante","catalog_code_one_hot","IMPOSIBLE_ACTUALMENTE","NO","SI","SI","SI","SI","SI","NO","SI","Agregar captura de idioma predominante (catalogo 26 MSPAS) y persistencia","Brecha critica de cobertura en 26 columnas del Excel","ALTA"
"MSPAS_AA","AA","AA - Idioma predominante | Idioma predominante | K'iche' (11)","Idioma predominante","Idioma predominante","catalog_code_one_hot","IMPOSIBLE_ACTUALMENTE","NO","SI","SI","SI","SI","SI","NO","SI","Agregar captura de idioma predominante (catalogo 26 MSPAS) y persistencia","Brecha critica de cobertura en 26 columnas del Excel","ALTA"
"MSPAS_AB","AB","AB - Idioma predominante | Idioma predominante | Mam (12)","Idioma predominante","Idioma predominante","catalog_code_one_hot","IMPOSIBLE_ACTUALMENTE","NO","SI","SI","SI","SI","SI","NO","SI","Agregar captura de idioma predominante (catalogo 26 MSPAS) y persistencia","Brecha critica de cobertura en 26 columnas del Excel","ALTA"
"MSPAS_AC","AC","AC - Idioma predominante | Idioma predominante | Mopan (13)","Idioma predominante","Idioma predominante","catalog_code_one_hot","IMPOSIBLE_ACTUALMENTE","NO","SI","SI","SI","SI","SI","NO","SI","Agregar captura de idioma predominante (catalogo 26 MSPAS) y persistencia","Brecha critica de cobertura en 26 columnas del Excel","ALTA"
"MSPAS_AD","AD","AD - Idioma predominante | Idioma predominante | Pocomam (14)","Idioma predominante","Idioma predominante","catalog_code_one_hot","IMPOSIBLE_ACTUALMENTE","NO","SI","SI","SI","SI","SI","NO","SI","Agregar captura de idioma predominante (catalogo 26 MSPAS) y persistencia","Brecha critica de cobertura en 26 columnas del Excel","ALTA"
"MSPAS_AE","AE","AE - Idioma predominante | Idioma predominante | Poqomchi (15)","Idioma predominante","Idioma predominante","catalog_code_one_hot","IMPOSIBLE_ACTUALMENTE","NO","SI","SI","SI","SI","SI","NO","SI","Agregar captura de idioma predominante (catalogo 26 MSPAS) y persistencia","Brecha critica de cobertura en 26 columnas del Excel","ALTA"
"MSPAS_AF","AF","AF - Idioma predominante | Idioma predominante | Q'anjob'al (16)","Idioma predominante","Idioma predominante","catalog_code_one_hot","IMPOSIBLE_ACTUALMENTE","NO","SI","SI","SI","SI","SI","NO","SI","Agregar captura de idioma predominante (catalogo 26 MSPAS) y persistencia","Brecha critica de cobertura en 26 columnas del Excel","ALTA"
"MSPAS_AG","AG","AG - Idioma predominante | Idioma predominante | Q'eqchi' (17)","Idioma predominante","Idioma predominante","catalog_code_one_hot","IMPOSIBLE_ACTUALMENTE","NO","SI","SI","SI","SI","SI","NO","SI","Agregar captura de idioma predominante (catalogo 26 MSPAS) y persistencia","Brecha critica de cobertura en 26 columnas del Excel","ALTA"
"MSPAS_AH","AH","AH - Idioma predominante | Idioma predominante | Sakapulteco (18)","Idioma predominante","Idioma predominante","catalog_code_one_hot","IMPOSIBLE_ACTUALMENTE","NO","SI","SI","SI","SI","SI","NO","SI","Agregar captura de idioma predominante (catalogo 26 MSPAS) y persistencia","Brecha critica de cobertura en 26 columnas del Excel","ALTA"
"MSPAS_AI","AI","AI - Idioma predominante | Idioma predominante | Sipakapense (19)","Idioma predominante","Idioma predominante","catalog_code_one_hot","IMPOSIBLE_ACTUALMENTE","NO","SI","SI","SI","SI","SI","NO","SI","Agregar captura de idioma predominante (catalogo 26 MSPAS) y persistencia","Brecha critica de cobertura en 26 columnas del Excel","ALTA"
"MSPAS_AJ","AJ","AJ - Idioma predominante | Idioma predominante | Tektiteko (20)","Idioma predominante","Idioma predominante","catalog_code_one_hot","IMPOSIBLE_ACTUALMENTE","NO","SI","SI","SI","SI","SI","NO","SI","Agregar captura de idioma predominante (catalogo 26 MSPAS) y persistencia","Brecha critica de cobertura en 26 columnas del Excel","ALTA"
"MSPAS_AK","AK","AK - Idioma predominante | Idioma predominante | Tz'utujil (21)","Idioma predominante","Idioma predominante","catalog_code_one_hot","IMPOSIBLE_ACTUALMENTE","NO","SI","SI","SI","SI","SI","NO","SI","Agregar captura de idioma predominante (catalogo 26 MSPAS) y persistencia","Brecha critica de cobertura en 26 columnas del Excel","ALTA"
"MSPAS_AL","AL","AL - Idioma predominante | Idioma predominante | Uspanteko (22)","Idioma predominante","Idioma predominante","catalog_code_one_hot","IMPOSIBLE_ACTUALMENTE","NO","SI","SI","SI","SI","SI","NO","SI","Agregar captura de idioma predominante (catalogo 26 MSPAS) y persistencia","Brecha critica de cobertura en 26 columnas del Excel","ALTA"
"MSPAS_AM","AM","AM - Idioma predominante | Idioma predominante | Xinca (23)","Idioma predominante","Idioma predominante","catalog_code_one_hot","IMPOSIBLE_ACTUALMENTE","NO","SI","SI","SI","SI","SI","NO","SI","Agregar captura de idioma predominante (catalogo 26 MSPAS) y persistencia","Brecha critica de cobertura en 26 columnas del Excel","ALTA"
"MSPAS_AN","AN","AN - Idioma predominante | Idioma predominante | Garifuna (24)","Idioma predominante","Idioma predominante","catalog_code_one_hot","IMPOSIBLE_ACTUALMENTE","NO","SI","SI","SI","SI","SI","NO","SI","Agregar captura de idioma predominante (catalogo 26 MSPAS) y persistencia","Brecha critica de cobertura en 26 columnas del Excel","ALTA"
"MSPAS_AO","AO","AO - Idioma predominante | Idioma predominante | Espanol (25)","Idioma predominante","Idioma predominante","catalog_code_one_hot","IMPOSIBLE_ACTUALMENTE","NO","SI","SI","SI","SI","SI","NO","SI","Agregar captura de idioma predominante (catalogo 26 MSPAS) y persistencia","Brecha critica de cobertura en 26 columnas del Excel","ALTA"
"MSPAS_AP","AP","AP - Idioma predominante | Idioma predominante | Otro (idiomas extranjeros) (26)","Idioma predominante","Idioma predominante","catalog_code_one_hot","IMPOSIBLE_ACTUALMENTE","NO","SI","SI","SI","SI","SI","NO","SI","Agregar captura de idioma predominante (catalogo 26 MSPAS) y persistencia","Brecha critica de cobertura en 26 columnas del Excel","ALTA"
"MSPAS_AQ","AQ","AQ - Sexo | Sexo | Hombre","encabezado.sexo","encabezado.sexo","catalog_one_hot","CUBIERTO_CON_CAMBIOS_MENORES","SI","SI","NO","NO","NO","SI","NO","NO","Mapear Masculino/Femenino a Hombre/Mujer y definir regla para Otro","Valor Otro no tiene columna dedicada en plantilla MSPAS","MEDIA"
"MSPAS_AR","AR","AR - Sexo | Sexo | Mujer","encabezado.sexo","encabezado.sexo","catalog_one_hot","CUBIERTO_CON_CAMBIOS_MENORES","SI","SI","NO","NO","NO","SI","NO","NO","Mapear Masculino/Femenino a Hombre/Mujer y definir regla para Otro","Valor Otro no tiene columna dedicada en plantilla MSPAS","MEDIA"
"MSPAS_AS","AS","AS - Servicio donde fue atendido | Servicio donde fue atendido | COEX","encabezado.servicio","encabezado.servicio","catalog_one_hot","CUBIERTO_CON_CAMBIOS_MENORES","SI","SI","NO","NO","NO","SI","NO","NO","Mapear consulta_externa a COEX y aplicar one-hot de servicio","Riesgo de clasificacion incorrecta si no se fija tabla de equivalencias","MEDIA"
"MSPAS_AT","AT","AT - Servicio donde fue atendido | Servicio donde fue atendido | Emergencia","encabezado.servicio","encabezado.servicio","catalog_one_hot","CUBIERTO_CON_CAMBIOS_MENORES","SI","SI","NO","NO","NO","SI","NO","NO","Mapear consulta_externa a COEX y aplicar one-hot de servicio","Riesgo de clasificacion incorrecta si no se fija tabla de equivalencias","MEDIA"
"MSPAS_AU","AU","AU - Servicio donde fue atendido | Servicio donde fue atendido | Encamamiento","encabezado.servicio","encabezado.servicio","catalog_one_hot","CUBIERTO_CON_CAMBIOS_MENORES","SI","SI","NO","NO","NO","SI","NO","NO","Mapear consulta_externa a COEX y aplicar one-hot de servicio","Riesgo de clasificacion incorrecta si no se fija tabla de equivalencias","MEDIA"
"MSPAS_AV","AV","AV - TRATO Y ATENCIÓN RECIBIDA | Personal Médico | MS","Personal Médico","Personal Médico","likert_one_hot","CUBIERTO_CON_CAMBIOS_MENORES","SI","SI","NO","NO","NO","NO","NO","NO","One-hot Likert estandar (MS/S/N/I/MI) desde opcion_id","Bajo, siempre que se respete orden de opciones","BAJA"
"MSPAS_AW","AW","AW - TRATO Y ATENCIÓN RECIBIDA | Personal Médico | S","Personal Médico","Personal Médico","likert_one_hot","CUBIERTO_CON_CAMBIOS_MENORES","SI","SI","NO","NO","NO","NO","NO","NO","One-hot Likert estandar (MS/S/N/I/MI) desde opcion_id","Bajo, siempre que se respete orden de opciones","BAJA"
"MSPAS_AX","AX","AX - TRATO Y ATENCIÓN RECIBIDA | Personal Médico | N","Personal Médico","Personal Médico","likert_one_hot","CUBIERTO_CON_CAMBIOS_MENORES","SI","SI","NO","NO","NO","NO","NO","NO","One-hot Likert estandar (MS/S/N/I/MI) desde opcion_id","Bajo, siempre que se respete orden de opciones","BAJA"
"MSPAS_AY","AY","AY - TRATO Y ATENCIÓN RECIBIDA | Personal Médico | I","Personal Médico","Personal Médico","likert_one_hot","CUBIERTO_CON_CAMBIOS_MENORES","SI","SI","NO","NO","NO","NO","NO","NO","One-hot Likert estandar (MS/S/N/I/MI) desde opcion_id","Bajo, siempre que se respete orden de opciones","BAJA"
"MSPAS_AZ","AZ","AZ - TRATO Y ATENCIÓN RECIBIDA | Personal Médico | MI","Personal Médico","Personal Médico","likert_one_hot","CUBIERTO_CON_CAMBIOS_MENORES","SI","SI","NO","NO","NO","NO","NO","NO","One-hot Likert estandar (MS/S/N/I/MI) desde opcion_id","Bajo, siempre que se respete orden de opciones","BAJA"
"MSPAS_BA","BA","BA - TRATO Y ATENCIÓN RECIBIDA | Personal de enfermería | MS","Personal de enfermería","Personal de enfermería","likert_one_hot","CUBIERTO_CON_CAMBIOS_MENORES","SI","SI","NO","NO","NO","NO","NO","NO","One-hot Likert estandar (MS/S/N/I/MI) desde opcion_id","Bajo, siempre que se respete orden de opciones","BAJA"
"MSPAS_BB","BB","BB - TRATO Y ATENCIÓN RECIBIDA | Personal de enfermería | S","Personal de enfermería","Personal de enfermería","likert_one_hot","CUBIERTO_CON_CAMBIOS_MENORES","SI","SI","NO","NO","NO","NO","NO","NO","One-hot Likert estandar (MS/S/N/I/MI) desde opcion_id","Bajo, siempre que se respete orden de opciones","BAJA"
"MSPAS_BC","BC","BC - TRATO Y ATENCIÓN RECIBIDA | Personal de enfermería | N","Personal de enfermería","Personal de enfermería","likert_one_hot","CUBIERTO_CON_CAMBIOS_MENORES","SI","SI","NO","NO","NO","NO","NO","NO","One-hot Likert estandar (MS/S/N/I/MI) desde opcion_id","Bajo, siempre que se respete orden de opciones","BAJA"
"MSPAS_BD","BD","BD - TRATO Y ATENCIÓN RECIBIDA | Personal de enfermería | I","Personal de enfermería","Personal de enfermería","likert_one_hot","CUBIERTO_CON_CAMBIOS_MENORES","SI","SI","NO","NO","NO","NO","NO","NO","One-hot Likert estandar (MS/S/N/I/MI) desde opcion_id","Bajo, siempre que se respete orden de opciones","BAJA"
"MSPAS_BE","BE","BE - TRATO Y ATENCIÓN RECIBIDA | Personal de enfermería | MI","Personal de enfermería","Personal de enfermería","likert_one_hot","CUBIERTO_CON_CAMBIOS_MENORES","SI","SI","NO","NO","NO","NO","NO","NO","One-hot Likert estandar (MS/S/N/I/MI) desde opcion_id","Bajo, siempre que se respete orden de opciones","BAJA"
"MSPAS_BF","BF","BF - TRATO Y ATENCIÓN RECIBIDA | Personal de recepción/admisión | MS","Personal de recepción/admisión","Personal de recepción/admisión","likert_one_hot","CUBIERTO_CON_CAMBIOS_MENORES","SI","SI","NO","NO","NO","NO","NO","NO","One-hot Likert estandar (MS/S/N/I/MI) desde opcion_id","Bajo, siempre que se respete orden de opciones","BAJA"
"MSPAS_BG","BG","BG - TRATO Y ATENCIÓN RECIBIDA | Personal de recepción/admisión | S","Personal de recepción/admisión","Personal de recepción/admisión","likert_one_hot","CUBIERTO_CON_CAMBIOS_MENORES","SI","SI","NO","NO","NO","NO","NO","NO","One-hot Likert estandar (MS/S/N/I/MI) desde opcion_id","Bajo, siempre que se respete orden de opciones","BAJA"
"MSPAS_BH","BH","BH - TRATO Y ATENCIÓN RECIBIDA | Personal de recepción/admisión | N","Personal de recepción/admisión","Personal de recepción/admisión","likert_one_hot","CUBIERTO_CON_CAMBIOS_MENORES","SI","SI","NO","NO","NO","NO","NO","NO","One-hot Likert estandar (MS/S/N/I/MI) desde opcion_id","Bajo, siempre que se respete orden de opciones","BAJA"
"MSPAS_BI","BI","BI - TRATO Y ATENCIÓN RECIBIDA | Personal de recepción/admisión | I","Personal de recepción/admisión","Personal de recepción/admisión","likert_one_hot","CUBIERTO_CON_CAMBIOS_MENORES","SI","SI","NO","NO","NO","NO","NO","NO","One-hot Likert estandar (MS/S/N/I/MI) desde opcion_id","Bajo, siempre que se respete orden de opciones","BAJA"
"MSPAS_BJ","BJ","BJ - TRATO Y ATENCIÓN RECIBIDA | Personal de recepción/admisión | MI","Personal de recepción/admisión","Personal de recepción/admisión","likert_one_hot","CUBIERTO_CON_CAMBIOS_MENORES","SI","SI","NO","NO","NO","NO","NO","NO","One-hot Likert estandar (MS/S/N/I/MI) desde opcion_id","Bajo, siempre que se respete orden de opciones","BAJA"
"MSPAS_BK","BK","BK - TRATO Y ATENCIÓN RECIBIDA | Cortesía y respeto durante la atención | MS","Cortesía y respeto durante la atención","Cortesía y respeto durante la atención","likert_one_hot","CUBIERTO_CON_CAMBIOS_MENORES","SI","SI","NO","NO","NO","NO","NO","NO","One-hot Likert estandar (MS/S/N/I/MI) desde opcion_id","Bajo, siempre que se respete orden de opciones","BAJA"
"MSPAS_BL","BL","BL - TRATO Y ATENCIÓN RECIBIDA | Cortesía y respeto durante la atención | S","Cortesía y respeto durante la atención","Cortesía y respeto durante la atención","likert_one_hot","CUBIERTO_CON_CAMBIOS_MENORES","SI","SI","NO","NO","NO","NO","NO","NO","One-hot Likert estandar (MS/S/N/I/MI) desde opcion_id","Bajo, siempre que se respete orden de opciones","BAJA"
"MSPAS_BM","BM","BM - TRATO Y ATENCIÓN RECIBIDA | Cortesía y respeto durante la atención | N","Cortesía y respeto durante la atención","Cortesía y respeto durante la atención","likert_one_hot","CUBIERTO_CON_CAMBIOS_MENORES","SI","SI","NO","NO","NO","NO","NO","NO","One-hot Likert estandar (MS/S/N/I/MI) desde opcion_id","Bajo, siempre que se respete orden de opciones","BAJA"
"MSPAS_BN","BN","BN - TRATO Y ATENCIÓN RECIBIDA | Cortesía y respeto durante la atención | I","Cortesía y respeto durante la atención","Cortesía y respeto durante la atención","likert_one_hot","CUBIERTO_CON_CAMBIOS_MENORES","SI","SI","NO","NO","NO","NO","NO","NO","One-hot Likert estandar (MS/S/N/I/MI) desde opcion_id","Bajo, siempre que se respete orden de opciones","BAJA"
"MSPAS_BO","BO","BO - TRATO Y ATENCIÓN RECIBIDA | Cortesía y respeto durante la atención | MI","Cortesía y respeto durante la atención","Cortesía y respeto durante la atención","likert_one_hot","CUBIERTO_CON_CAMBIOS_MENORES","SI","SI","NO","NO","NO","NO","NO","NO","One-hot Likert estandar (MS/S/N/I/MI) desde opcion_id","Bajo, siempre que se respete orden de opciones","BAJA"
"MSPAS_BP","BP","BP - TRATO Y ATENCIÓN RECIBIDA | El personal le llamó por su nombre | MS","El personal le llamó por su nombre","El personal le llamó por su nombre","likert_one_hot","CUBIERTO_CON_CAMBIOS_MENORES","SI","SI","NO","NO","NO","NO","NO","NO","One-hot Likert estandar (MS/S/N/I/MI) desde opcion_id","Bajo, siempre que se respete orden de opciones","BAJA"
"MSPAS_BQ","BQ","BQ - TRATO Y ATENCIÓN RECIBIDA | El personal le llamó por su nombre | S","El personal le llamó por su nombre","El personal le llamó por su nombre","likert_one_hot","CUBIERTO_CON_CAMBIOS_MENORES","SI","SI","NO","NO","NO","NO","NO","NO","One-hot Likert estandar (MS/S/N/I/MI) desde opcion_id","Bajo, siempre que se respete orden de opciones","BAJA"
"MSPAS_BR","BR","BR - TRATO Y ATENCIÓN RECIBIDA | El personal le llamó por su nombre | N","El personal le llamó por su nombre","El personal le llamó por su nombre","likert_one_hot","CUBIERTO_CON_CAMBIOS_MENORES","SI","SI","NO","NO","NO","NO","NO","NO","One-hot Likert estandar (MS/S/N/I/MI) desde opcion_id","Bajo, siempre que se respete orden de opciones","BAJA"
"MSPAS_BS","BS","BS - TRATO Y ATENCIÓN RECIBIDA | El personal le llamó por su nombre | I","El personal le llamó por su nombre","El personal le llamó por su nombre","likert_one_hot","CUBIERTO_CON_CAMBIOS_MENORES","SI","SI","NO","NO","NO","NO","NO","NO","One-hot Likert estandar (MS/S/N/I/MI) desde opcion_id","Bajo, siempre que se respete orden de opciones","BAJA"
"MSPAS_BT","BT","BT - TRATO Y ATENCIÓN RECIBIDA | El personal le llamó por su nombre | MI","El personal le llamó por su nombre","El personal le llamó por su nombre","likert_one_hot","CUBIERTO_CON_CAMBIOS_MENORES","SI","SI","NO","NO","NO","NO","NO","NO","One-hot Likert estandar (MS/S/N/I/MI) desde opcion_id","Bajo, siempre que se respete orden de opciones","BAJA"
"MSPAS_BU","BU","BU - TRATO Y ATENCIÓN EN LOS SERVICIOS DE APOYO | Psicología | MS","Psicología","Psicología","likert_one_hot","CUBIERTO_CON_CAMBIOS_MENORES","SI","SI","NO","NO","NO","NO","SI","NO","One-hot Likert condicionado por aplicabilidad del servicio","Sesgo si se fuerza valor cuando la pregunta no aplica","MEDIA"
"MSPAS_BV","BV","BV - TRATO Y ATENCIÓN EN LOS SERVICIOS DE APOYO | Psicología | S","Psicología","Psicología","likert_one_hot","CUBIERTO_CON_CAMBIOS_MENORES","SI","SI","NO","NO","NO","NO","SI","NO","One-hot Likert condicionado por aplicabilidad del servicio","Sesgo si se fuerza valor cuando la pregunta no aplica","MEDIA"
"MSPAS_BW","BW","BW - TRATO Y ATENCIÓN EN LOS SERVICIOS DE APOYO | Psicología | N","Psicología","Psicología","likert_one_hot","CUBIERTO_CON_CAMBIOS_MENORES","SI","SI","NO","NO","NO","NO","SI","NO","One-hot Likert condicionado por aplicabilidad del servicio","Sesgo si se fuerza valor cuando la pregunta no aplica","MEDIA"
"MSPAS_BX","BX","BX - TRATO Y ATENCIÓN EN LOS SERVICIOS DE APOYO | Psicología | I","Psicología","Psicología","likert_one_hot","CUBIERTO_CON_CAMBIOS_MENORES","SI","SI","NO","NO","NO","NO","SI","NO","One-hot Likert condicionado por aplicabilidad del servicio","Sesgo si se fuerza valor cuando la pregunta no aplica","MEDIA"
"MSPAS_BY","BY","BY - TRATO Y ATENCIÓN EN LOS SERVICIOS DE APOYO | Psicología | MI","Psicología","Psicología","likert_one_hot","CUBIERTO_CON_CAMBIOS_MENORES","SI","SI","NO","NO","NO","NO","SI","NO","One-hot Likert condicionado por aplicabilidad del servicio","Sesgo si se fuerza valor cuando la pregunta no aplica","MEDIA"
"MSPAS_BZ","BZ","BZ - TRATO Y ATENCIÓN EN LOS SERVICIOS DE APOYO | Nutrición | MS","Nutrición","Nutrición","likert_one_hot","CUBIERTO_CON_CAMBIOS_MENORES","SI","SI","NO","NO","NO","NO","SI","NO","One-hot Likert condicionado por aplicabilidad del servicio","Sesgo si se fuerza valor cuando la pregunta no aplica","MEDIA"
"MSPAS_CA","CA","CA - TRATO Y ATENCIÓN EN LOS SERVICIOS DE APOYO | Nutrición | S","Nutrición","Nutrición","likert_one_hot","CUBIERTO_CON_CAMBIOS_MENORES","SI","SI","NO","NO","NO","NO","SI","NO","One-hot Likert condicionado por aplicabilidad del servicio","Sesgo si se fuerza valor cuando la pregunta no aplica","MEDIA"
"MSPAS_CB","CB","CB - TRATO Y ATENCIÓN EN LOS SERVICIOS DE APOYO | Nutrición | N","Nutrición","Nutrición","likert_one_hot","CUBIERTO_CON_CAMBIOS_MENORES","SI","SI","NO","NO","NO","NO","SI","NO","One-hot Likert condicionado por aplicabilidad del servicio","Sesgo si se fuerza valor cuando la pregunta no aplica","MEDIA"
"MSPAS_CC","CC","CC - TRATO Y ATENCIÓN EN LOS SERVICIOS DE APOYO | Nutrición | I","Nutrición","Nutrición","likert_one_hot","CUBIERTO_CON_CAMBIOS_MENORES","SI","SI","NO","NO","NO","NO","SI","NO","One-hot Likert condicionado por aplicabilidad del servicio","Sesgo si se fuerza valor cuando la pregunta no aplica","MEDIA"
"MSPAS_CD","CD","CD - TRATO Y ATENCIÓN EN LOS SERVICIOS DE APOYO | Nutrición | MI","Nutrición","Nutrición","likert_one_hot","CUBIERTO_CON_CAMBIOS_MENORES","SI","SI","NO","NO","NO","NO","SI","NO","One-hot Likert condicionado por aplicabilidad del servicio","Sesgo si se fuerza valor cuando la pregunta no aplica","MEDIA"
"MSPAS_CE","CE","CE - TRATO Y ATENCIÓN EN LOS SERVICIOS DE APOYO | Trabajo Social | MS","Trabajo Social","Trabajo Social","likert_one_hot","CUBIERTO_CON_CAMBIOS_MENORES","SI","SI","NO","NO","NO","NO","SI","NO","One-hot Likert condicionado por aplicabilidad del servicio","Sesgo si se fuerza valor cuando la pregunta no aplica","MEDIA"
"MSPAS_CF","CF","CF - TRATO Y ATENCIÓN EN LOS SERVICIOS DE APOYO | Trabajo Social | S","Trabajo Social","Trabajo Social","likert_one_hot","CUBIERTO_CON_CAMBIOS_MENORES","SI","SI","NO","NO","NO","NO","SI","NO","One-hot Likert condicionado por aplicabilidad del servicio","Sesgo si se fuerza valor cuando la pregunta no aplica","MEDIA"
"MSPAS_CG","CG","CG - TRATO Y ATENCIÓN EN LOS SERVICIOS DE APOYO | Trabajo Social | N","Trabajo Social","Trabajo Social","likert_one_hot","CUBIERTO_CON_CAMBIOS_MENORES","SI","SI","NO","NO","NO","NO","SI","NO","One-hot Likert condicionado por aplicabilidad del servicio","Sesgo si se fuerza valor cuando la pregunta no aplica","MEDIA"
"MSPAS_CH","CH","CH - TRATO Y ATENCIÓN EN LOS SERVICIOS DE APOYO | Trabajo Social | I","Trabajo Social","Trabajo Social","likert_one_hot","CUBIERTO_CON_CAMBIOS_MENORES","SI","SI","NO","NO","NO","NO","SI","NO","One-hot Likert condicionado por aplicabilidad del servicio","Sesgo si se fuerza valor cuando la pregunta no aplica","MEDIA"
"MSPAS_CI","CI","CI - TRATO Y ATENCIÓN EN LOS SERVICIOS DE APOYO | Trabajo Social | MI","Trabajo Social","Trabajo Social","likert_one_hot","CUBIERTO_CON_CAMBIOS_MENORES","SI","SI","NO","NO","NO","NO","SI","NO","One-hot Likert condicionado por aplicabilidad del servicio","Sesgo si se fuerza valor cuando la pregunta no aplica","MEDIA"
"MSPAS_CJ","CJ","CJ - TRATO Y ATENCIÓN EN LOS SERVICIOS DE APOYO | Laboratorio Clínico | MS","Laboratorio Clínico","Laboratorio Clínico","likert_one_hot","CUBIERTO_CON_CAMBIOS_MENORES","SI","SI","NO","NO","NO","NO","SI","NO","One-hot Likert condicionado por aplicabilidad del servicio","Sesgo si se fuerza valor cuando la pregunta no aplica","MEDIA"
"MSPAS_CK","CK","CK - TRATO Y ATENCIÓN EN LOS SERVICIOS DE APOYO | Laboratorio Clínico | S","Laboratorio Clínico","Laboratorio Clínico","likert_one_hot","CUBIERTO_CON_CAMBIOS_MENORES","SI","SI","NO","NO","NO","NO","SI","NO","One-hot Likert condicionado por aplicabilidad del servicio","Sesgo si se fuerza valor cuando la pregunta no aplica","MEDIA"
"MSPAS_CL","CL","CL - TRATO Y ATENCIÓN EN LOS SERVICIOS DE APOYO | Laboratorio Clínico | N","Laboratorio Clínico","Laboratorio Clínico","likert_one_hot","CUBIERTO_CON_CAMBIOS_MENORES","SI","SI","NO","NO","NO","NO","SI","NO","One-hot Likert condicionado por aplicabilidad del servicio","Sesgo si se fuerza valor cuando la pregunta no aplica","MEDIA"
"MSPAS_CM","CM","CM - TRATO Y ATENCIÓN EN LOS SERVICIOS DE APOYO | Laboratorio Clínico | I","Laboratorio Clínico","Laboratorio Clínico","likert_one_hot","CUBIERTO_CON_CAMBIOS_MENORES","SI","SI","NO","NO","NO","NO","SI","NO","One-hot Likert condicionado por aplicabilidad del servicio","Sesgo si se fuerza valor cuando la pregunta no aplica","MEDIA"
"MSPAS_CN","CN","CN - TRATO Y ATENCIÓN EN LOS SERVICIOS DE APOYO | Laboratorio Clínico | MI","Laboratorio Clínico","Laboratorio Clínico","likert_one_hot","CUBIERTO_CON_CAMBIOS_MENORES","SI","SI","NO","NO","NO","NO","SI","NO","One-hot Likert condicionado por aplicabilidad del servicio","Sesgo si se fuerza valor cuando la pregunta no aplica","MEDIA"
"MSPAS_CO","CO","CO - TRATO Y ATENCIÓN EN LOS SERVICIOS DE APOYO | Imágenes Diagnosticas (rayos x, ultrasonido) | MS","Imágenes Diagnosticas (rayos x, ultrasonido)","Imágenes Diagnosticas (rayos x, ultrasonido)","likert_one_hot","CUBIERTO_CON_CAMBIOS_MENORES","SI","SI","NO","NO","NO","NO","SI","NO","One-hot Likert condicionado por aplicabilidad del servicio","Sesgo si se fuerza valor cuando la pregunta no aplica","MEDIA"
"MSPAS_CP","CP","CP - TRATO Y ATENCIÓN EN LOS SERVICIOS DE APOYO | Imágenes Diagnosticas (rayos x, ultrasonido) | S","Imágenes Diagnosticas (rayos x, ultrasonido)","Imágenes Diagnosticas (rayos x, ultrasonido)","likert_one_hot","CUBIERTO_CON_CAMBIOS_MENORES","SI","SI","NO","NO","NO","NO","SI","NO","One-hot Likert condicionado por aplicabilidad del servicio","Sesgo si se fuerza valor cuando la pregunta no aplica","MEDIA"
"MSPAS_CQ","CQ","CQ - TRATO Y ATENCIÓN EN LOS SERVICIOS DE APOYO | Imágenes Diagnosticas (rayos x, ultrasonido) | N","Imágenes Diagnosticas (rayos x, ultrasonido)","Imágenes Diagnosticas (rayos x, ultrasonido)","likert_one_hot","CUBIERTO_CON_CAMBIOS_MENORES","SI","SI","NO","NO","NO","NO","SI","NO","One-hot Likert condicionado por aplicabilidad del servicio","Sesgo si se fuerza valor cuando la pregunta no aplica","MEDIA"
"MSPAS_CR","CR","CR - TRATO Y ATENCIÓN EN LOS SERVICIOS DE APOYO | Imágenes Diagnosticas (rayos x, ultrasonido) | I","Imágenes Diagnosticas (rayos x, ultrasonido)","Imágenes Diagnosticas (rayos x, ultrasonido)","likert_one_hot","CUBIERTO_CON_CAMBIOS_MENORES","SI","SI","NO","NO","NO","NO","SI","NO","One-hot Likert condicionado por aplicabilidad del servicio","Sesgo si se fuerza valor cuando la pregunta no aplica","MEDIA"
"MSPAS_CS","CS","CS - TRATO Y ATENCIÓN EN LOS SERVICIOS DE APOYO | Imágenes Diagnosticas (rayos x, ultrasonido) | MI","Imágenes Diagnosticas (rayos x, ultrasonido)","Imágenes Diagnosticas (rayos x, ultrasonido)","likert_one_hot","CUBIERTO_CON_CAMBIOS_MENORES","SI","SI","NO","NO","NO","NO","SI","NO","One-hot Likert condicionado por aplicabilidad del servicio","Sesgo si se fuerza valor cuando la pregunta no aplica","MEDIA"
"MSPAS_CT","CT","CT - TRATO Y ATENCIÓN EN LOS SERVICIOS DE APOYO | UISAU | MS","UISAU","UISAU","likert_one_hot","CUBIERTO_CON_CAMBIOS_MENORES","SI","SI","NO","NO","NO","NO","SI","NO","One-hot Likert condicionado por aplicabilidad del servicio","Sesgo si se fuerza valor cuando la pregunta no aplica","MEDIA"
"MSPAS_CU","CU","CU - TRATO Y ATENCIÓN EN LOS SERVICIOS DE APOYO | UISAU | S","UISAU","UISAU","likert_one_hot","CUBIERTO_CON_CAMBIOS_MENORES","SI","SI","NO","NO","NO","NO","SI","NO","One-hot Likert condicionado por aplicabilidad del servicio","Sesgo si se fuerza valor cuando la pregunta no aplica","MEDIA"
"MSPAS_CV","CV","CV - TRATO Y ATENCIÓN EN LOS SERVICIOS DE APOYO | UISAU | N","UISAU","UISAU","likert_one_hot","CUBIERTO_CON_CAMBIOS_MENORES","SI","SI","NO","NO","NO","NO","SI","NO","One-hot Likert condicionado por aplicabilidad del servicio","Sesgo si se fuerza valor cuando la pregunta no aplica","MEDIA"
"MSPAS_CW","CW","CW - TRATO Y ATENCIÓN EN LOS SERVICIOS DE APOYO | UISAU | I","UISAU","UISAU","likert_one_hot","CUBIERTO_CON_CAMBIOS_MENORES","SI","SI","NO","NO","NO","NO","SI","NO","One-hot Likert condicionado por aplicabilidad del servicio","Sesgo si se fuerza valor cuando la pregunta no aplica","MEDIA"
"MSPAS_CX","CX","CX - TRATO Y ATENCIÓN EN LOS SERVICIOS DE APOYO | UISAU | MI","UISAU","UISAU","likert_one_hot","CUBIERTO_CON_CAMBIOS_MENORES","SI","SI","NO","NO","NO","NO","SI","NO","One-hot Likert condicionado por aplicabilidad del servicio","Sesgo si se fuerza valor cuando la pregunta no aplica","MEDIA"
"MSPAS_CY","CY","CY - COMUNICACIÓN E INFORMACIÓN | Claridad de información sobre estado de salud | MS","Claridad de información sobre estado de salud","Claridad de información sobre estado de salud","likert_one_hot","CUBIERTO_CON_CAMBIOS_MENORES","SI","SI","NO","NO","NO","NO","NO","NO","One-hot Likert estandar (MS/S/N/I/MI) desde opcion_id","Bajo, siempre que se respete orden de opciones","BAJA"
"MSPAS_CZ","CZ","CZ - COMUNICACIÓN E INFORMACIÓN | Claridad de información sobre estado de salud | S","Claridad de información sobre estado de salud","Claridad de información sobre estado de salud","likert_one_hot","CUBIERTO_CON_CAMBIOS_MENORES","SI","SI","NO","NO","NO","NO","NO","NO","One-hot Likert estandar (MS/S/N/I/MI) desde opcion_id","Bajo, siempre que se respete orden de opciones","BAJA"
"MSPAS_DA","DA","DA - COMUNICACIÓN E INFORMACIÓN | Claridad de información sobre estado de salud | N","Claridad de información sobre estado de salud","Claridad de información sobre estado de salud","likert_one_hot","CUBIERTO_CON_CAMBIOS_MENORES","SI","SI","NO","NO","NO","NO","NO","NO","One-hot Likert estandar (MS/S/N/I/MI) desde opcion_id","Bajo, siempre que se respete orden de opciones","BAJA"
"MSPAS_DB","DB","DB - COMUNICACIÓN E INFORMACIÓN | Claridad de información sobre estado de salud | I","Claridad de información sobre estado de salud","Claridad de información sobre estado de salud","likert_one_hot","CUBIERTO_CON_CAMBIOS_MENORES","SI","SI","NO","NO","NO","NO","NO","NO","One-hot Likert estandar (MS/S/N/I/MI) desde opcion_id","Bajo, siempre que se respete orden de opciones","BAJA"
"MSPAS_DC","DC","DC - COMUNICACIÓN E INFORMACIÓN | Claridad de información sobre estado de salud | MI","Claridad de información sobre estado de salud","Claridad de información sobre estado de salud","likert_one_hot","CUBIERTO_CON_CAMBIOS_MENORES","SI","SI","NO","NO","NO","NO","NO","NO","One-hot Likert estandar (MS/S/N/I/MI) desde opcion_id","Bajo, siempre que se respete orden de opciones","BAJA"
"MSPAS_DD","DD","DD - COMUNICACIÓN E INFORMACIÓN | Idioma en que se brindo la información | MS","Idioma en que se brindo la información","Idioma en que se brindo la información","likert_one_hot","CUBIERTO_CON_CAMBIOS_MENORES","SI","SI","NO","NO","NO","NO","NO","NO","One-hot Likert estandar (MS/S/N/I/MI) desde opcion_id","Bajo, siempre que se respete orden de opciones","BAJA"
"MSPAS_DE","DE","DE - COMUNICACIÓN E INFORMACIÓN | Idioma en que se brindo la información | S","Idioma en que se brindo la información","Idioma en que se brindo la información","likert_one_hot","CUBIERTO_CON_CAMBIOS_MENORES","SI","SI","NO","NO","NO","NO","NO","NO","One-hot Likert estandar (MS/S/N/I/MI) desde opcion_id","Bajo, siempre que se respete orden de opciones","BAJA"
"MSPAS_DF","DF","DF - COMUNICACIÓN E INFORMACIÓN | Idioma en que se brindo la información | N","Idioma en que se brindo la información","Idioma en que se brindo la información","likert_one_hot","CUBIERTO_CON_CAMBIOS_MENORES","SI","SI","NO","NO","NO","NO","NO","NO","One-hot Likert estandar (MS/S/N/I/MI) desde opcion_id","Bajo, siempre que se respete orden de opciones","BAJA"
"MSPAS_DG","DG","DG - COMUNICACIÓN E INFORMACIÓN | Idioma en que se brindo la información | I","Idioma en que se brindo la información","Idioma en que se brindo la información","likert_one_hot","CUBIERTO_CON_CAMBIOS_MENORES","SI","SI","NO","NO","NO","NO","NO","NO","One-hot Likert estandar (MS/S/N/I/MI) desde opcion_id","Bajo, siempre que se respete orden de opciones","BAJA"
"MSPAS_DH","DH","DH - COMUNICACIÓN E INFORMACIÓN | Idioma en que se brindo la información | MI","Idioma en que se brindo la información","Idioma en que se brindo la información","likert_one_hot","CUBIERTO_CON_CAMBIOS_MENORES","SI","SI","NO","NO","NO","NO","NO","NO","One-hot Likert estandar (MS/S/N/I/MI) desde opcion_id","Bajo, siempre que se respete orden de opciones","BAJA"
"MSPAS_DI","DI","DI - COMUNICACIÓN E INFORMACIÓN | Explicación clara y comprensible del diagnostico y tratamiento | MS","Explicación clara y comprensible del diagnostico y tratamiento","Explicación clara y comprensible del diagnostico y tratamiento","likert_one_hot","CUBIERTO_CON_CAMBIOS_MENORES","SI","SI","NO","NO","NO","NO","NO","NO","One-hot Likert estandar (MS/S/N/I/MI) desde opcion_id","Bajo, siempre que se respete orden de opciones","BAJA"
"MSPAS_DJ","DJ","DJ - COMUNICACIÓN E INFORMACIÓN | Explicación clara y comprensible del diagnostico y tratamiento | S","Explicación clara y comprensible del diagnostico y tratamiento","Explicación clara y comprensible del diagnostico y tratamiento","likert_one_hot","CUBIERTO_CON_CAMBIOS_MENORES","SI","SI","NO","NO","NO","NO","NO","NO","One-hot Likert estandar (MS/S/N/I/MI) desde opcion_id","Bajo, siempre que se respete orden de opciones","BAJA"
"MSPAS_DK","DK","DK - COMUNICACIÓN E INFORMACIÓN | Explicación clara y comprensible del diagnostico y tratamiento | N","Explicación clara y comprensible del diagnostico y tratamiento","Explicación clara y comprensible del diagnostico y tratamiento","likert_one_hot","CUBIERTO_CON_CAMBIOS_MENORES","SI","SI","NO","NO","NO","NO","NO","NO","One-hot Likert estandar (MS/S/N/I/MI) desde opcion_id","Bajo, siempre que se respete orden de opciones","BAJA"
"MSPAS_DL","DL","DL - COMUNICACIÓN E INFORMACIÓN | Explicación clara y comprensible del diagnostico y tratamiento | I","Explicación clara y comprensible del diagnostico y tratamiento","Explicación clara y comprensible del diagnostico y tratamiento","likert_one_hot","CUBIERTO_CON_CAMBIOS_MENORES","SI","SI","NO","NO","NO","NO","NO","NO","One-hot Likert estandar (MS/S/N/I/MI) desde opcion_id","Bajo, siempre que se respete orden de opciones","BAJA"
"MSPAS_DM","DM","DM - COMUNICACIÓN E INFORMACIÓN | Explicación clara y comprensible del diagnostico y tratamiento | MI","Explicación clara y comprensible del diagnostico y tratamiento","Explicación clara y comprensible del diagnostico y tratamiento","likert_one_hot","CUBIERTO_CON_CAMBIOS_MENORES","SI","SI","NO","NO","NO","NO","NO","NO","One-hot Likert estandar (MS/S/N/I/MI) desde opcion_id","Bajo, siempre que se respete orden de opciones","BAJA"
"MSPAS_DN","DN","DN - TIEMPO Y CONDICIONES | Tiempo de espera hasta recibir la atención | MS","Tiempo de espera hasta recibir la atención","Tiempo de espera hasta recibir la atención","likert_one_hot","CUBIERTO_CON_CAMBIOS_MENORES","SI","SI","NO","NO","NO","NO","NO","NO","One-hot Likert estandar (MS/S/N/I/MI) desde opcion_id","Bajo, siempre que se respete orden de opciones","BAJA"
"MSPAS_DO","DO","DO - TIEMPO Y CONDICIONES | Tiempo de espera hasta recibir la atención | S","Tiempo de espera hasta recibir la atención","Tiempo de espera hasta recibir la atención","likert_one_hot","CUBIERTO_CON_CAMBIOS_MENORES","SI","SI","NO","NO","NO","NO","NO","NO","One-hot Likert estandar (MS/S/N/I/MI) desde opcion_id","Bajo, siempre que se respete orden de opciones","BAJA"
"MSPAS_DP","DP","DP - TIEMPO Y CONDICIONES | Tiempo de espera hasta recibir la atención | N","Tiempo de espera hasta recibir la atención","Tiempo de espera hasta recibir la atención","likert_one_hot","CUBIERTO_CON_CAMBIOS_MENORES","SI","SI","NO","NO","NO","NO","NO","NO","One-hot Likert estandar (MS/S/N/I/MI) desde opcion_id","Bajo, siempre que se respete orden de opciones","BAJA"
"MSPAS_DQ","DQ","DQ - TIEMPO Y CONDICIONES | Tiempo de espera hasta recibir la atención | I","Tiempo de espera hasta recibir la atención","Tiempo de espera hasta recibir la atención","likert_one_hot","CUBIERTO_CON_CAMBIOS_MENORES","SI","SI","NO","NO","NO","NO","NO","NO","One-hot Likert estandar (MS/S/N/I/MI) desde opcion_id","Bajo, siempre que se respete orden de opciones","BAJA"
"MSPAS_DR","DR","DR - TIEMPO Y CONDICIONES | Tiempo de espera hasta recibir la atención | MI","Tiempo de espera hasta recibir la atención","Tiempo de espera hasta recibir la atención","likert_one_hot","CUBIERTO_CON_CAMBIOS_MENORES","SI","SI","NO","NO","NO","NO","NO","NO","One-hot Likert estandar (MS/S/N/I/MI) desde opcion_id","Bajo, siempre que se respete orden de opciones","BAJA"
"MSPAS_DS","DS","DS - TIEMPO Y CONDICIONES | Comodidad en sala de espera | MS","Comodidad en sala de espera","Comodidad en sala de espera","likert_one_hot","CUBIERTO_CON_CAMBIOS_MENORES","SI","SI","NO","NO","NO","NO","NO","NO","One-hot Likert estandar (MS/S/N/I/MI) desde opcion_id","Bajo, siempre que se respete orden de opciones","BAJA"
"MSPAS_DT","DT","DT - TIEMPO Y CONDICIONES | Comodidad en sala de espera | S","Comodidad en sala de espera","Comodidad en sala de espera","likert_one_hot","CUBIERTO_CON_CAMBIOS_MENORES","SI","SI","NO","NO","NO","NO","NO","NO","One-hot Likert estandar (MS/S/N/I/MI) desde opcion_id","Bajo, siempre que se respete orden de opciones","BAJA"
"MSPAS_DU","DU","DU - TIEMPO Y CONDICIONES | Comodidad en sala de espera | N","Comodidad en sala de espera","Comodidad en sala de espera","likert_one_hot","CUBIERTO_CON_CAMBIOS_MENORES","SI","SI","NO","NO","NO","NO","NO","NO","One-hot Likert estandar (MS/S/N/I/MI) desde opcion_id","Bajo, siempre que se respete orden de opciones","BAJA"
"MSPAS_DV","DV","DV - TIEMPO Y CONDICIONES | Comodidad en sala de espera | I","Comodidad en sala de espera","Comodidad en sala de espera","likert_one_hot","CUBIERTO_CON_CAMBIOS_MENORES","SI","SI","NO","NO","NO","NO","NO","NO","One-hot Likert estandar (MS/S/N/I/MI) desde opcion_id","Bajo, siempre que se respete orden de opciones","BAJA"
"MSPAS_DW","DW","DW - TIEMPO Y CONDICIONES | Comodidad en sala de espera | MI","Comodidad en sala de espera","Comodidad en sala de espera","likert_one_hot","CUBIERTO_CON_CAMBIOS_MENORES","SI","SI","NO","NO","NO","NO","NO","NO","One-hot Likert estandar (MS/S/N/I/MI) desde opcion_id","Bajo, siempre que se respete orden de opciones","BAJA"
"MSPAS_DX","DX","DX - TIEMPO Y CONDICIONES | Limpieza del área donde fue atendido | MS","Limpieza del área donde fue atendido","Limpieza del área donde fue atendido","likert_one_hot","CUBIERTO_CON_CAMBIOS_MENORES","SI","SI","NO","NO","NO","NO","NO","NO","One-hot Likert estandar (MS/S/N/I/MI) desde opcion_id","Bajo, siempre que se respete orden de opciones","BAJA"
"MSPAS_DY","DY","DY - TIEMPO Y CONDICIONES | Limpieza del área donde fue atendido | S","Limpieza del área donde fue atendido","Limpieza del área donde fue atendido","likert_one_hot","CUBIERTO_CON_CAMBIOS_MENORES","SI","SI","NO","NO","NO","NO","NO","NO","One-hot Likert estandar (MS/S/N/I/MI) desde opcion_id","Bajo, siempre que se respete orden de opciones","BAJA"
"MSPAS_DZ","DZ","DZ - TIEMPO Y CONDICIONES | Limpieza del área donde fue atendido | N","Limpieza del área donde fue atendido","Limpieza del área donde fue atendido","likert_one_hot","CUBIERTO_CON_CAMBIOS_MENORES","SI","SI","NO","NO","NO","NO","NO","NO","One-hot Likert estandar (MS/S/N/I/MI) desde opcion_id","Bajo, siempre que se respete orden de opciones","BAJA"
"MSPAS_EA","EA","EA - TIEMPO Y CONDICIONES | Limpieza del área donde fue atendido | I","Limpieza del área donde fue atendido","Limpieza del área donde fue atendido","likert_one_hot","CUBIERTO_CON_CAMBIOS_MENORES","SI","SI","NO","NO","NO","NO","NO","NO","One-hot Likert estandar (MS/S/N/I/MI) desde opcion_id","Bajo, siempre que se respete orden de opciones","BAJA"
"MSPAS_EB","EB","EB - TIEMPO Y CONDICIONES | Limpieza del área donde fue atendido | MI","Limpieza del área donde fue atendido","Limpieza del área donde fue atendido","likert_one_hot","CUBIERTO_CON_CAMBIOS_MENORES","SI","SI","NO","NO","NO","NO","NO","NO","One-hot Likert estandar (MS/S/N/I/MI) desde opcion_id","Bajo, siempre que se respete orden de opciones","BAJA"
"MSPAS_EC","EC","EC - TIEMPO Y CONDICIONES | Limpieza en los servicios sanitarios | MS","Limpieza en los servicios sanitarios","Limpieza en los servicios sanitarios","likert_one_hot","CUBIERTO_CON_CAMBIOS_MENORES","SI","SI","NO","NO","NO","NO","NO","NO","One-hot Likert estandar (MS/S/N/I/MI) desde opcion_id","Bajo, siempre que se respete orden de opciones","BAJA"
"MSPAS_ED","ED","ED - TIEMPO Y CONDICIONES | Limpieza en los servicios sanitarios | S","Limpieza en los servicios sanitarios","Limpieza en los servicios sanitarios","likert_one_hot","CUBIERTO_CON_CAMBIOS_MENORES","SI","SI","NO","NO","NO","NO","NO","NO","One-hot Likert estandar (MS/S/N/I/MI) desde opcion_id","Bajo, siempre que se respete orden de opciones","BAJA"
"MSPAS_EE","EE","EE - TIEMPO Y CONDICIONES | Limpieza en los servicios sanitarios | N","Limpieza en los servicios sanitarios","Limpieza en los servicios sanitarios","likert_one_hot","CUBIERTO_CON_CAMBIOS_MENORES","SI","SI","NO","NO","NO","NO","NO","NO","One-hot Likert estandar (MS/S/N/I/MI) desde opcion_id","Bajo, siempre que se respete orden de opciones","BAJA"
"MSPAS_EF","EF","EF - TIEMPO Y CONDICIONES | Limpieza en los servicios sanitarios | I","Limpieza en los servicios sanitarios","Limpieza en los servicios sanitarios","likert_one_hot","CUBIERTO_CON_CAMBIOS_MENORES","SI","SI","NO","NO","NO","NO","NO","NO","One-hot Likert estandar (MS/S/N/I/MI) desde opcion_id","Bajo, siempre que se respete orden de opciones","BAJA"
"MSPAS_EG","EG","EG - TIEMPO Y CONDICIONES | Limpieza en los servicios sanitarios | MI","Limpieza en los servicios sanitarios","Limpieza en los servicios sanitarios","likert_one_hot","CUBIERTO_CON_CAMBIOS_MENORES","SI","SI","NO","NO","NO","NO","NO","NO","One-hot Likert estandar (MS/S/N/I/MI) desde opcion_id","Bajo, siempre que se respete orden de opciones","BAJA"
"MSPAS_EH","EH","EH - TIEMPO Y CONDICIONES | Ventilación e iluminación del área de espera | MS","Ventilación e iluminación del área de espera","Ventilación e iluminación del área de espera","likert_one_hot","CUBIERTO_CON_CAMBIOS_MENORES","SI","SI","NO","NO","NO","NO","NO","NO","One-hot Likert estandar (MS/S/N/I/MI) desde opcion_id","Bajo, siempre que se respete orden de opciones","BAJA"
"MSPAS_EI","EI","EI - TIEMPO Y CONDICIONES | Ventilación e iluminación del área de espera | S","Ventilación e iluminación del área de espera","Ventilación e iluminación del área de espera","likert_one_hot","CUBIERTO_CON_CAMBIOS_MENORES","SI","SI","NO","NO","NO","NO","NO","NO","One-hot Likert estandar (MS/S/N/I/MI) desde opcion_id","Bajo, siempre que se respete orden de opciones","BAJA"
"MSPAS_EJ","EJ","EJ - TIEMPO Y CONDICIONES | Ventilación e iluminación del área de espera | N","Ventilación e iluminación del área de espera","Ventilación e iluminación del área de espera","likert_one_hot","CUBIERTO_CON_CAMBIOS_MENORES","SI","SI","NO","NO","NO","NO","NO","NO","One-hot Likert estandar (MS/S/N/I/MI) desde opcion_id","Bajo, siempre que se respete orden de opciones","BAJA"
"MSPAS_EK","EK","EK - TIEMPO Y CONDICIONES | Ventilación e iluminación del área de espera | I","Ventilación e iluminación del área de espera","Ventilación e iluminación del área de espera","likert_one_hot","CUBIERTO_CON_CAMBIOS_MENORES","SI","SI","NO","NO","NO","NO","NO","NO","One-hot Likert estandar (MS/S/N/I/MI) desde opcion_id","Bajo, siempre que se respete orden de opciones","BAJA"
"MSPAS_EL","EL","EL - TIEMPO Y CONDICIONES | Ventilación e iluminación del área de espera | MI","Ventilación e iluminación del área de espera","Ventilación e iluminación del área de espera","likert_one_hot","CUBIERTO_CON_CAMBIOS_MENORES","SI","SI","NO","NO","NO","NO","NO","NO","One-hot Likert estandar (MS/S/N/I/MI) desde opcion_id","Bajo, siempre que se respete orden de opciones","BAJA"
"MSPAS_EM","EM","EM - TIEMPO Y CONDICIONES | Ventilación e iluminación del área donde fue atendido | MS","Ventilación e iluminación del área donde fue atendido","Ventilación e iluminación del área donde fue atendido","likert_one_hot","CUBIERTO_CON_CAMBIOS_MENORES","SI","SI","NO","NO","NO","NO","NO","NO","One-hot Likert estandar (MS/S/N/I/MI) desde opcion_id","Bajo, siempre que se respete orden de opciones","BAJA"
"MSPAS_EN","EN","EN - TIEMPO Y CONDICIONES | Ventilación e iluminación del área donde fue atendido | S","Ventilación e iluminación del área donde fue atendido","Ventilación e iluminación del área donde fue atendido","likert_one_hot","CUBIERTO_CON_CAMBIOS_MENORES","SI","SI","NO","NO","NO","NO","NO","NO","One-hot Likert estandar (MS/S/N/I/MI) desde opcion_id","Bajo, siempre que se respete orden de opciones","BAJA"
"MSPAS_EO","EO","EO - TIEMPO Y CONDICIONES | Ventilación e iluminación del área donde fue atendido | N","Ventilación e iluminación del área donde fue atendido","Ventilación e iluminación del área donde fue atendido","likert_one_hot","CUBIERTO_CON_CAMBIOS_MENORES","SI","SI","NO","NO","NO","NO","NO","NO","One-hot Likert estandar (MS/S/N/I/MI) desde opcion_id","Bajo, siempre que se respete orden de opciones","BAJA"
"MSPAS_EP","EP","EP - TIEMPO Y CONDICIONES | Ventilación e iluminación del área donde fue atendido | I","Ventilación e iluminación del área donde fue atendido","Ventilación e iluminación del área donde fue atendido","likert_one_hot","CUBIERTO_CON_CAMBIOS_MENORES","SI","SI","NO","NO","NO","NO","NO","NO","One-hot Likert estandar (MS/S/N/I/MI) desde opcion_id","Bajo, siempre que se respete orden de opciones","BAJA"
"MSPAS_EQ","EQ","EQ - TIEMPO Y CONDICIONES | Ventilación e iluminación del área donde fue atendido | MI","Ventilación e iluminación del área donde fue atendido","Ventilación e iluminación del área donde fue atendido","likert_one_hot","CUBIERTO_CON_CAMBIOS_MENORES","SI","SI","NO","NO","NO","NO","NO","NO","One-hot Likert estandar (MS/S/N/I/MI) desde opcion_id","Bajo, siempre que se respete orden de opciones","BAJA"
"MSPAS_ER","ER","ER - TIEMPO Y CONDICIONES | Privacidad y seguridad durante la atención | MS","Privacidad y seguridad durante la atención","Privacidad y seguridad durante la atención","likert_one_hot","CUBIERTO_CON_CAMBIOS_MENORES","SI","SI","NO","NO","NO","NO","NO","NO","One-hot Likert estandar (MS/S/N/I/MI) desde opcion_id","Bajo, siempre que se respete orden de opciones","BAJA"
"MSPAS_ES","ES","ES - TIEMPO Y CONDICIONES | Privacidad y seguridad durante la atención | S","Privacidad y seguridad durante la atención","Privacidad y seguridad durante la atención","likert_one_hot","CUBIERTO_CON_CAMBIOS_MENORES","SI","SI","NO","NO","NO","NO","NO","NO","One-hot Likert estandar (MS/S/N/I/MI) desde opcion_id","Bajo, siempre que se respete orden de opciones","BAJA"
"MSPAS_ET","ET","ET - TIEMPO Y CONDICIONES | Privacidad y seguridad durante la atención | N","Privacidad y seguridad durante la atención","Privacidad y seguridad durante la atención","likert_one_hot","CUBIERTO_CON_CAMBIOS_MENORES","SI","SI","NO","NO","NO","NO","NO","NO","One-hot Likert estandar (MS/S/N/I/MI) desde opcion_id","Bajo, siempre que se respete orden de opciones","BAJA"
"MSPAS_EU","EU","EU - TIEMPO Y CONDICIONES | Privacidad y seguridad durante la atención | I","Privacidad y seguridad durante la atención","Privacidad y seguridad durante la atención","likert_one_hot","CUBIERTO_CON_CAMBIOS_MENORES","SI","SI","NO","NO","NO","NO","NO","NO","One-hot Likert estandar (MS/S/N/I/MI) desde opcion_id","Bajo, siempre que se respete orden de opciones","BAJA"
"MSPAS_EV","EV","EV - TIEMPO Y CONDICIONES | Privacidad y seguridad durante la atención | MI","Privacidad y seguridad durante la atención","Privacidad y seguridad durante la atención","likert_one_hot","CUBIERTO_CON_CAMBIOS_MENORES","SI","SI","NO","NO","NO","NO","NO","NO","One-hot Likert estandar (MS/S/N/I/MI) desde opcion_id","Bajo, siempre que se respete orden de opciones","BAJA"
"MSPAS_EW","EW","EW - ENCAMAMIENTO | Estado y limpieza de la ropa de cama | MS","Estado y limpieza de la ropa de cama","Estado y limpieza de la ropa de cama","likert_one_hot","CUBIERTO_CON_CAMBIOS_MENORES","SI","SI","NO","NO","NO","NO","SI","NO","One-hot Likert condicionado por aplicabilidad del servicio","Sesgo si se fuerza valor cuando la pregunta no aplica","MEDIA"
"MSPAS_EX","EX","EX - ENCAMAMIENTO | Estado y limpieza de la ropa de cama | S","Estado y limpieza de la ropa de cama","Estado y limpieza de la ropa de cama","likert_one_hot","CUBIERTO_CON_CAMBIOS_MENORES","SI","SI","NO","NO","NO","NO","SI","NO","One-hot Likert condicionado por aplicabilidad del servicio","Sesgo si se fuerza valor cuando la pregunta no aplica","MEDIA"
"MSPAS_EY","EY","EY - ENCAMAMIENTO | Estado y limpieza de la ropa de cama | N","Estado y limpieza de la ropa de cama","Estado y limpieza de la ropa de cama","likert_one_hot","CUBIERTO_CON_CAMBIOS_MENORES","SI","SI","NO","NO","NO","NO","SI","NO","One-hot Likert condicionado por aplicabilidad del servicio","Sesgo si se fuerza valor cuando la pregunta no aplica","MEDIA"
"MSPAS_EZ","EZ","EZ - ENCAMAMIENTO | Estado y limpieza de la ropa de cama | I","Estado y limpieza de la ropa de cama","Estado y limpieza de la ropa de cama","likert_one_hot","CUBIERTO_CON_CAMBIOS_MENORES","SI","SI","NO","NO","NO","NO","SI","NO","One-hot Likert condicionado por aplicabilidad del servicio","Sesgo si se fuerza valor cuando la pregunta no aplica","MEDIA"
"MSPAS_FA","FA","FA - ENCAMAMIENTO | Estado y limpieza de la ropa de cama | MI","Estado y limpieza de la ropa de cama","Estado y limpieza de la ropa de cama","likert_one_hot","CUBIERTO_CON_CAMBIOS_MENORES","SI","SI","NO","NO","NO","NO","SI","NO","One-hot Likert condicionado por aplicabilidad del servicio","Sesgo si se fuerza valor cuando la pregunta no aplica","MEDIA"
"MSPAS_FB","FB","FB - ENCAMAMIENTO | Calidad y tiempo oportuno de los alimentos | MS","Calidad y tiempo oportuno de los alimentos","Calidad y tiempo oportuno de los alimentos","likert_one_hot","CUBIERTO_CON_CAMBIOS_MENORES","SI","SI","NO","NO","NO","NO","SI","NO","One-hot Likert condicionado por aplicabilidad del servicio","Sesgo si se fuerza valor cuando la pregunta no aplica","MEDIA"
"MSPAS_FC","FC","FC - ENCAMAMIENTO | Calidad y tiempo oportuno de los alimentos | S","Calidad y tiempo oportuno de los alimentos","Calidad y tiempo oportuno de los alimentos","likert_one_hot","CUBIERTO_CON_CAMBIOS_MENORES","SI","SI","NO","NO","NO","NO","SI","NO","One-hot Likert condicionado por aplicabilidad del servicio","Sesgo si se fuerza valor cuando la pregunta no aplica","MEDIA"
"MSPAS_FD","FD","FD - ENCAMAMIENTO | Calidad y tiempo oportuno de los alimentos | N","Calidad y tiempo oportuno de los alimentos","Calidad y tiempo oportuno de los alimentos","likert_one_hot","CUBIERTO_CON_CAMBIOS_MENORES","SI","SI","NO","NO","NO","NO","SI","NO","One-hot Likert condicionado por aplicabilidad del servicio","Sesgo si se fuerza valor cuando la pregunta no aplica","MEDIA"
"MSPAS_FE","FE","FE - ENCAMAMIENTO | Calidad y tiempo oportuno de los alimentos | I","Calidad y tiempo oportuno de los alimentos","Calidad y tiempo oportuno de los alimentos","likert_one_hot","CUBIERTO_CON_CAMBIOS_MENORES","SI","SI","NO","NO","NO","NO","SI","NO","One-hot Likert condicionado por aplicabilidad del servicio","Sesgo si se fuerza valor cuando la pregunta no aplica","MEDIA"
"MSPAS_FF","FF","FF - ENCAMAMIENTO | Calidad y tiempo oportuno de los alimentos | MI","Calidad y tiempo oportuno de los alimentos","Calidad y tiempo oportuno de los alimentos","likert_one_hot","CUBIERTO_CON_CAMBIOS_MENORES","SI","SI","NO","NO","NO","NO","SI","NO","One-hot Likert condicionado por aplicabilidad del servicio","Sesgo si se fuerza valor cuando la pregunta no aplica","MEDIA"
"MSPAS_FG","FG","FG - SATISFFACCIÓN GLOBAL | Nivel de satisfacción con el servicio recibido | MS","Nivel de satisfacción con el servicio recibido","Nivel de satisfacción con el servicio recibido","likert_one_hot","CUBIERTO_CON_CAMBIOS_MENORES","SI","SI","NO","NO","NO","NO","NO","NO","One-hot Likert estandar (MS/S/N/I/MI) desde opcion_id","Bajo, siempre que se respete orden de opciones","BAJA"
"MSPAS_FH","FH","FH - SATISFFACCIÓN GLOBAL | Nivel de satisfacción con el servicio recibido | S","Nivel de satisfacción con el servicio recibido","Nivel de satisfacción con el servicio recibido","likert_one_hot","CUBIERTO_CON_CAMBIOS_MENORES","SI","SI","NO","NO","NO","NO","NO","NO","One-hot Likert estandar (MS/S/N/I/MI) desde opcion_id","Bajo, siempre que se respete orden de opciones","BAJA"
"MSPAS_FI","FI","FI - SATISFFACCIÓN GLOBAL | Nivel de satisfacción con el servicio recibido | N","Nivel de satisfacción con el servicio recibido","Nivel de satisfacción con el servicio recibido","likert_one_hot","CUBIERTO_CON_CAMBIOS_MENORES","SI","SI","NO","NO","NO","NO","NO","NO","One-hot Likert estandar (MS/S/N/I/MI) desde opcion_id","Bajo, siempre que se respete orden de opciones","BAJA"
"MSPAS_FJ","FJ","FJ - SATISFFACCIÓN GLOBAL | Nivel de satisfacción con el servicio recibido | I","Nivel de satisfacción con el servicio recibido","Nivel de satisfacción con el servicio recibido","likert_one_hot","CUBIERTO_CON_CAMBIOS_MENORES","SI","SI","NO","NO","NO","NO","NO","NO","One-hot Likert estandar (MS/S/N/I/MI) desde opcion_id","Bajo, siempre que se respete orden de opciones","BAJA"
"MSPAS_FK","FK","FK - SATISFFACCIÓN GLOBAL | Nivel de satisfacción con el servicio recibido | MI","Nivel de satisfacción con el servicio recibido","Nivel de satisfacción con el servicio recibido","likert_one_hot","CUBIERTO_CON_CAMBIOS_MENORES","SI","SI","NO","NO","NO","NO","NO","NO","One-hot Likert estandar (MS/S/N/I/MI) desde opcion_id","Bajo, siempre que se respete orden de opciones","BAJA"
"MSPAS_FL","FL","FL - Referiria el servicio | Referiria el servicio","Q28 (respuesta_detalle.opcion_id)","Q28 (respuesta_detalle.opcion_id)","yes_no_neutral_one_hot","CUBIERTO_CON_CAMBIOS_MENORES","SI","SI","NO","NO","NO","NO","NO","NO","Mapear Q28 a columnas SI/NEUTRAL/NO en one-hot","Bajo","BAJA"
"MSPAS_FM","FM","FM - Referiria el servicio | Referiria el servicio","Q28 (respuesta_detalle.opcion_id)","Q28 (respuesta_detalle.opcion_id)","yes_no_neutral_one_hot","CUBIERTO_CON_CAMBIOS_MENORES","SI","SI","NO","NO","NO","NO","NO","NO","Mapear Q28 a columnas SI/NEUTRAL/NO en one-hot","Bajo","BAJA"
"MSPAS_FN","FN","FN - Referiria el servicio | Referiria el servicio","Q28 (respuesta_detalle.opcion_id)","Q28 (respuesta_detalle.opcion_id)","yes_no_neutral_one_hot","CUBIERTO_CON_CAMBIOS_MENORES","SI","SI","NO","NO","NO","NO","NO","NO","Mapear Q28 a columnas SI/NEUTRAL/NO en one-hot","Bajo","BAJA"