index,fieldId,fieldName,sheet,targetColumn,sourceQuestion,transformationType,validation,businessRule,normalization,fallback,edgeCases
"1","MSPAS_A","No. | 1","BAse completa","A","No.","identifier","non_negative_integer","direct_mapping","trim","empty_string_or_null","null_or_blank"
"2","MSPAS_B","Nombre del Hospital","BAse completa","B","Nombre del Hospital","identifier","none","direct_mapping","trim","empty_string_or_null","null_or_blank"
"3","MSPAS_C","No. De pacientes atendidos en COEX durante el periodo evaluado","BAse completa","C","No. De pacientes atendidos en COEX durante el periodo evaluado","direct","non_negative_integer","direct_mapping","trim","empty_string_or_null","null_or_blank"
"4","MSPAS_D","No. Total de encuestas","BAse completa","D","No. Total de encuestas","direct","non_negative_integer","direct_mapping","trim","empty_string_or_null","null_or_blank"
"5","MSPAS_E","% de encuestas | #DIV/0!","BAse completa","E","% de encuestas","calculated","percentage_0_100_or_error_guard","formula_consistency","numeric_formula","N/A (formula in template)","division_by_zero"
"6","MSPAS_F","No. De pacientes atendidos en COEX durante el periodo evaluado","BAse completa","F","No. De pacientes atendidos en COEX durante el periodo evaluado","direct","non_negative_integer","direct_mapping","trim","empty_string_or_null","null_or_blank"
"7","MSPAS_G","No. Total de encuestas","BAse completa","G","No. Total de encuestas","direct","non_negative_integer","direct_mapping","trim","empty_string_or_null","null_or_blank"
"8","MSPAS_H","% de encuestas | #DIV/0!","BAse completa","H","% de encuestas","calculated","percentage_0_100_or_error_guard","formula_consistency","numeric_formula","N/A (formula in template)","division_by_zero"
"9","MSPAS_I","No. De pacientes atendidos en COEX durante el periodo evaluado","BAse completa","I","No. De pacientes atendidos en COEX durante el periodo evaluado","direct","non_negative_integer","direct_mapping","trim","empty_string_or_null","null_or_blank"
"10","MSPAS_J","No. Total de encuestas","BAse completa","J","No. Total de encuestas","direct","non_negative_integer","direct_mapping","trim","empty_string_or_null","null_or_blank"
"11","MSPAS_K","% de encuestas | #DIV/0!","BAse completa","K","% de encuestas","calculated","percentage_0_100_or_error_guard","formula_consistency","numeric_formula","N/A (formula in template)","division_by_zero"
"12","MSPAS_L","Forma en que se aplicó la encuesta (impreso - digital)","BAse completa","L","Forma en que se aplicó la encuesta (impreso - digital)","direct","none","direct_mapping","trim","empty_string_or_null","null_or_blank"
"13","MSPAS_M","Origen etnico | Origen etnico | Maya","BAse completa","M","Origen etnico","catalog_one_hot","exactly_one_or_none","one_hot_consistency","trim_upper_ascii + map_catalog_aliases","default_0","multiple_options_marked|no_option_marked"
"14","MSPAS_N","Origen etnico | Origen etnico | Xinca","BAse completa","N","Origen etnico","catalog_one_hot","exactly_one_or_none","one_hot_consistency","trim_upper_ascii + map_catalog_aliases","default_0","multiple_options_marked|no_option_marked"
"15","MSPAS_O","Origen etnico | Origen etnico | Garífuna","BAse completa","O","Origen etnico","catalog_one_hot","exactly_one_or_none","one_hot_consistency","trim_upper_ascii + map_catalog_aliases","default_0","multiple_options_marked|no_option_marked"
"16","MSPAS_P","Origen etnico | Origen etnico | Mestizo/Ladino","BAse completa","P","Origen etnico","catalog_one_hot","exactly_one_or_none","one_hot_consistency","trim_upper_ascii + map_catalog_aliases","default_0","multiple_options_marked|no_option_marked"
"17","MSPAS_Q","Idioma predominante | Idioma predominante | Achi (1)","BAse completa","Q","Idioma predominante","catalog_code_one_hot","exactly_one_or_none|allowed_codes_1_26","one_hot_consistency","trim_upper_ascii + map_catalog_aliases","route_to_AP_code_26","multiple_options_marked|no_option_marked"
"18","MSPAS_R","Idioma predominante | Idioma predominante | Akateko (2)","BAse completa","R","Idioma predominante","catalog_code_one_hot","exactly_one_or_none|allowed_codes_1_26","one_hot_consistency","trim_upper_ascii + map_catalog_aliases","route_to_AP_code_26","multiple_options_marked|no_option_marked"
"19","MSPAS_S","Idioma predominante | Idioma predominante | Awakateco (3)","BAse completa","S","Idioma predominante","catalog_code_one_hot","exactly_one_or_none|allowed_codes_1_26","one_hot_consistency","trim_upper_ascii + map_catalog_aliases","route_to_AP_code_26","multiple_options_marked|no_option_marked"
"20","MSPAS_T","Idioma predominante | Idioma predominante | Chalchiteko (4)","BAse completa","T","Idioma predominante","catalog_code_one_hot","exactly_one_or_none|allowed_codes_1_26","one_hot_consistency","trim_upper_ascii + map_catalog_aliases","route_to_AP_code_26","multiple_options_marked|no_option_marked"
"21","MSPAS_U","Idioma predominante | Idioma predominante | Chaltiteko (5)","BAse completa","U","Idioma predominante","catalog_code_one_hot","exactly_one_or_none|allowed_codes_1_26","one_hot_consistency","trim_upper_ascii + map_catalog_aliases","route_to_AP_code_26","multiple_options_marked|no_option_marked"
"22","MSPAS_V","Idioma predominante | Idioma predominante | Chuj (6)","BAse completa","V","Idioma predominante","catalog_code_one_hot","exactly_one_or_none|allowed_codes_1_26","one_hot_consistency","trim_upper_ascii + map_catalog_aliases","route_to_AP_code_26","multiple_options_marked|no_option_marked"
"23","MSPAS_W","Idioma predominante | Idioma predominante | Itza (7)","BAse completa","W","Idioma predominante","catalog_code_one_hot","exactly_one_or_none|allowed_codes_1_26","one_hot_consistency","trim_upper_ascii + map_catalog_aliases","route_to_AP_code_26","multiple_options_marked|no_option_marked"
"24","MSPAS_X","Idioma predominante | Idioma predominante | Ixil (8)","BAse completa","X","Idioma predominante","catalog_code_one_hot","exactly_one_or_none|allowed_codes_1_26","one_hot_consistency","trim_upper_ascii + map_catalog_aliases","route_to_AP_code_26","multiple_options_marked|no_option_marked"
"25","MSPAS_Y","Idioma predominante | Idioma predominante | Jakalteko (9)","BAse completa","Y","Idioma predominante","catalog_code_one_hot","exactly_one_or_none|allowed_codes_1_26","one_hot_consistency","trim_upper_ascii + map_catalog_aliases","route_to_AP_code_26","multiple_options_marked|no_option_marked"
"26","MSPAS_Z","Idioma predominante | Idioma predominante | Kaqchikel (10)","BAse completa","Z","Idioma predominante","catalog_code_one_hot","exactly_one_or_none|allowed_codes_1_26","one_hot_consistency","trim_upper_ascii + map_catalog_aliases","route_to_AP_code_26","multiple_options_marked|no_option_marked"
"27","MSPAS_AA","Idioma predominante | Idioma predominante | K'iche' (11)","BAse completa","AA","Idioma predominante","catalog_code_one_hot","exactly_one_or_none|allowed_codes_1_26","one_hot_consistency","trim_upper_ascii + map_catalog_aliases","route_to_AP_code_26","multiple_options_marked|no_option_marked"
"28","MSPAS_AB","Idioma predominante | Idioma predominante | Mam (12)","BAse completa","AB","Idioma predominante","catalog_code_one_hot","exactly_one_or_none|allowed_codes_1_26","one_hot_consistency","trim_upper_ascii + map_catalog_aliases","route_to_AP_code_26","multiple_options_marked|no_option_marked"
"29","MSPAS_AC","Idioma predominante | Idioma predominante | Mopan (13)","BAse completa","AC","Idioma predominante","catalog_code_one_hot","exactly_one_or_none|allowed_codes_1_26","one_hot_consistency","trim_upper_ascii + map_catalog_aliases","route_to_AP_code_26","multiple_options_marked|no_option_marked"
"30","MSPAS_AD","Idioma predominante | Idioma predominante | Pocomam (14)","BAse completa","AD","Idioma predominante","catalog_code_one_hot","exactly_one_or_none|allowed_codes_1_26","one_hot_consistency","trim_upper_ascii + map_catalog_aliases","route_to_AP_code_26","multiple_options_marked|no_option_marked"
"31","MSPAS_AE","Idioma predominante | Idioma predominante | Poqomchi (15)","BAse completa","AE","Idioma predominante","catalog_code_one_hot","exactly_one_or_none|allowed_codes_1_26","one_hot_consistency","trim_upper_ascii + map_catalog_aliases","route_to_AP_code_26","multiple_options_marked|no_option_marked"
"32","MSPAS_AF","Idioma predominante | Idioma predominante | Q'anjob'al (16)","BAse completa","AF","Idioma predominante","catalog_code_one_hot","exactly_one_or_none|allowed_codes_1_26","one_hot_consistency","trim_upper_ascii + map_catalog_aliases","route_to_AP_code_26","multiple_options_marked|no_option_marked"
"33","MSPAS_AG","Idioma predominante | Idioma predominante | Q'eqchi' (17)","BAse completa","AG","Idioma predominante","catalog_code_one_hot","exactly_one_or_none|allowed_codes_1_26","one_hot_consistency","trim_upper_ascii + map_catalog_aliases","route_to_AP_code_26","multiple_options_marked|no_option_marked"
"34","MSPAS_AH","Idioma predominante | Idioma predominante | Sakapulteco (18)","BAse completa","AH","Idioma predominante","catalog_code_one_hot","exactly_one_or_none|allowed_codes_1_26","one_hot_consistency","trim_upper_ascii + map_catalog_aliases","route_to_AP_code_26","multiple_options_marked|no_option_marked"
"35","MSPAS_AI","Idioma predominante | Idioma predominante | Sipakapense (19)","BAse completa","AI","Idioma predominante","catalog_code_one_hot","exactly_one_or_none|allowed_codes_1_26","one_hot_consistency","trim_upper_ascii + map_catalog_aliases","route_to_AP_code_26","multiple_options_marked|no_option_marked"
"36","MSPAS_AJ","Idioma predominante | Idioma predominante | Tektiteko (20)","BAse completa","AJ","Idioma predominante","catalog_code_one_hot","exactly_one_or_none|allowed_codes_1_26","one_hot_consistency","trim_upper_ascii + map_catalog_aliases","route_to_AP_code_26","multiple_options_marked|no_option_marked"
"37","MSPAS_AK","Idioma predominante | Idioma predominante | Tz'utujil (21)","BAse completa","AK","Idioma predominante","catalog_code_one_hot","exactly_one_or_none|allowed_codes_1_26","one_hot_consistency","trim_upper_ascii + map_catalog_aliases","route_to_AP_code_26","multiple_options_marked|no_option_marked"
"38","MSPAS_AL","Idioma predominante | Idioma predominante | Uspanteko (22)","BAse completa","AL","Idioma predominante","catalog_code_one_hot","exactly_one_or_none|allowed_codes_1_26","one_hot_consistency","trim_upper_ascii + map_catalog_aliases","route_to_AP_code_26","multiple_options_marked|no_option_marked"
"39","MSPAS_AM","Idioma predominante | Idioma predominante | Xinca (23)","BAse completa","AM","Idioma predominante","catalog_code_one_hot","exactly_one_or_none|allowed_codes_1_26","one_hot_consistency","trim_upper_ascii + map_catalog_aliases","route_to_AP_code_26","multiple_options_marked|no_option_marked"
"40","MSPAS_AN","Idioma predominante | Idioma predominante | Garifuna (24)","BAse completa","AN","Idioma predominante","catalog_code_one_hot","exactly_one_or_none|allowed_codes_1_26","one_hot_consistency","trim_upper_ascii + map_catalog_aliases","route_to_AP_code_26","multiple_options_marked|no_option_marked"
"41","MSPAS_AO","Idioma predominante | Idioma predominante | Espanol (25)","BAse completa","AO","Idioma predominante","catalog_code_one_hot","exactly_one_or_none|allowed_codes_1_26","one_hot_consistency","trim_upper_ascii + map_catalog_aliases","route_to_AP_code_26","multiple_options_marked|no_option_marked"
"42","MSPAS_AP","Idioma predominante | Idioma predominante | Otro (idiomas extranjeros) (26)","BAse completa","AP","Idioma predominante","catalog_code_one_hot","exactly_one_or_none|allowed_codes_1_26","one_hot_consistency","trim_upper_ascii + map_catalog_aliases","self","multiple_options_marked|no_option_marked"
"43","MSPAS_AQ","Sexo | Sexo | Hombre","BAse completa","AQ","Sexo","catalog_one_hot","exactly_one_or_none","one_hot_consistency","trim_upper_ascii + map_catalog_aliases","default_0","multiple_options_marked|no_option_marked"
"44","MSPAS_AR","Sexo | Sexo | Mujer","BAse completa","AR","Sexo","catalog_one_hot","exactly_one_or_none","one_hot_consistency","trim_upper_ascii + map_catalog_aliases","default_0","multiple_options_marked|no_option_marked"
"45","MSPAS_AS","Servicio donde fue atendido | Servicio donde fue atendido | COEX","BAse completa","AS","Servicio donde fue atendido","catalog_one_hot","exactly_one_or_none","one_hot_consistency","trim_upper_ascii + map_catalog_aliases","default_0","multiple_options_marked|no_option_marked"
"46","MSPAS_AT","Servicio donde fue atendido | Servicio donde fue atendido | Emergencia","BAse completa","AT","Servicio donde fue atendido","catalog_one_hot","exactly_one_or_none","one_hot_consistency","trim_upper_ascii + map_catalog_aliases","default_0","multiple_options_marked|no_option_marked"
"47","MSPAS_AU","Servicio donde fue atendido | Servicio donde fue atendido | Encamamiento","BAse completa","AU","Servicio donde fue atendido","catalog_one_hot","exactly_one_or_none","one_hot_consistency","trim_upper_ascii + map_catalog_aliases","default_0","multiple_options_marked|no_option_marked"
"48","MSPAS_AV","TRATO Y ATENCIÓN RECIBIDA | Personal Médico | MS","BAse completa","AV","Personal Médico","likert_one_hot","exactly_one_or_none|allowed_options_MS_S_N_I_MI","one_hot_consistency","trim_upper_ascii + map_catalog_aliases","default_0","multiple_options_marked|no_option_marked"
"49","MSPAS_AW","TRATO Y ATENCIÓN RECIBIDA | Personal Médico | S","BAse completa","AW","Personal Médico","likert_one_hot","exactly_one_or_none|allowed_options_MS_S_N_I_MI","one_hot_consistency","trim_upper_ascii + map_catalog_aliases","default_0","multiple_options_marked|no_option_marked"
"50","MSPAS_AX","TRATO Y ATENCIÓN RECIBIDA | Personal Médico | N","BAse completa","AX","Personal Médico","likert_one_hot","exactly_one_or_none|allowed_options_MS_S_N_I_MI","one_hot_consistency","trim_upper_ascii + map_catalog_aliases","default_0","multiple_options_marked|no_option_marked"
"51","MSPAS_AY","TRATO Y ATENCIÓN RECIBIDA | Personal Médico | I","BAse completa","AY","Personal Médico","likert_one_hot","exactly_one_or_none|allowed_options_MS_S_N_I_MI","one_hot_consistency","trim_upper_ascii + map_catalog_aliases","default_0","multiple_options_marked|no_option_marked"
"52","MSPAS_AZ","TRATO Y ATENCIÓN RECIBIDA | Personal Médico | MI","BAse completa","AZ","Personal Médico","likert_one_hot","exactly_one_or_none|allowed_options_MS_S_N_I_MI","one_hot_consistency","trim_upper_ascii + map_catalog_aliases","default_0","multiple_options_marked|no_option_marked"
"53","MSPAS_BA","TRATO Y ATENCIÓN RECIBIDA | Personal de enfermería | MS","BAse completa","BA","Personal de enfermería","likert_one_hot","exactly_one_or_none|allowed_options_MS_S_N_I_MI","one_hot_consistency","trim_upper_ascii + map_catalog_aliases","default_0","multiple_options_marked|no_option_marked"
"54","MSPAS_BB","TRATO Y ATENCIÓN RECIBIDA | Personal de enfermería | S","BAse completa","BB","Personal de enfermería","likert_one_hot","exactly_one_or_none|allowed_options_MS_S_N_I_MI","one_hot_consistency","trim_upper_ascii + map_catalog_aliases","default_0","multiple_options_marked|no_option_marked"
"55","MSPAS_BC","TRATO Y ATENCIÓN RECIBIDA | Personal de enfermería | N","BAse completa","BC","Personal de enfermería","likert_one_hot","exactly_one_or_none|allowed_options_MS_S_N_I_MI","one_hot_consistency","trim_upper_ascii + map_catalog_aliases","default_0","multiple_options_marked|no_option_marked"
"56","MSPAS_BD","TRATO Y ATENCIÓN RECIBIDA | Personal de enfermería | I","BAse completa","BD","Personal de enfermería","likert_one_hot","exactly_one_or_none|allowed_options_MS_S_N_I_MI","one_hot_consistency","trim_upper_ascii + map_catalog_aliases","default_0","multiple_options_marked|no_option_marked"
"57","MSPAS_BE","TRATO Y ATENCIÓN RECIBIDA | Personal de enfermería | MI","BAse completa","BE","Personal de enfermería","likert_one_hot","exactly_one_or_none|allowed_options_MS_S_N_I_MI","one_hot_consistency","trim_upper_ascii + map_catalog_aliases","default_0","multiple_options_marked|no_option_marked"
"58","MSPAS_BF","TRATO Y ATENCIÓN RECIBIDA | Personal de recepción/admisión | MS","BAse completa","BF","Personal de recepción/admisión","likert_one_hot","exactly_one_or_none|allowed_options_MS_S_N_I_MI","one_hot_consistency","trim_upper_ascii + map_catalog_aliases","default_0","multiple_options_marked|no_option_marked"
"59","MSPAS_BG","TRATO Y ATENCIÓN RECIBIDA | Personal de recepción/admisión | S","BAse completa","BG","Personal de recepción/admisión","likert_one_hot","exactly_one_or_none|allowed_options_MS_S_N_I_MI","one_hot_consistency","trim_upper_ascii + map_catalog_aliases","default_0","multiple_options_marked|no_option_marked"
"60","MSPAS_BH","TRATO Y ATENCIÓN RECIBIDA | Personal de recepción/admisión | N","BAse completa","BH","Personal de recepción/admisión","likert_one_hot","exactly_one_or_none|allowed_options_MS_S_N_I_MI","one_hot_consistency","trim_upper_ascii + map_catalog_aliases","default_0","multiple_options_marked|no_option_marked"
"61","MSPAS_BI","TRATO Y ATENCIÓN RECIBIDA | Personal de recepción/admisión | I","BAse completa","BI","Personal de recepción/admisión","likert_one_hot","exactly_one_or_none|allowed_options_MS_S_N_I_MI","one_hot_consistency","trim_upper_ascii + map_catalog_aliases","default_0","multiple_options_marked|no_option_marked"
"62","MSPAS_BJ","TRATO Y ATENCIÓN RECIBIDA | Personal de recepción/admisión | MI","BAse completa","BJ","Personal de recepción/admisión","likert_one_hot","exactly_one_or_none|allowed_options_MS_S_N_I_MI","one_hot_consistency","trim_upper_ascii + map_catalog_aliases","default_0","multiple_options_marked|no_option_marked"
"63","MSPAS_BK","TRATO Y ATENCIÓN RECIBIDA | Cortesía y respeto durante la atención | MS","BAse completa","BK","Cortesía y respeto durante la atención","likert_one_hot","exactly_one_or_none|allowed_options_MS_S_N_I_MI","one_hot_consistency","trim_upper_ascii + map_catalog_aliases","default_0","multiple_options_marked|no_option_marked"
"64","MSPAS_BL","TRATO Y ATENCIÓN RECIBIDA | Cortesía y respeto durante la atención | S","BAse completa","BL","Cortesía y respeto durante la atención","likert_one_hot","exactly_one_or_none|allowed_options_MS_S_N_I_MI","one_hot_consistency","trim_upper_ascii + map_catalog_aliases","default_0","multiple_options_marked|no_option_marked"
"65","MSPAS_BM","TRATO Y ATENCIÓN RECIBIDA | Cortesía y respeto durante la atención | N","BAse completa","BM","Cortesía y respeto durante la atención","likert_one_hot","exactly_one_or_none|allowed_options_MS_S_N_I_MI","one_hot_consistency","trim_upper_ascii + map_catalog_aliases","default_0","multiple_options_marked|no_option_marked"
"66","MSPAS_BN","TRATO Y ATENCIÓN RECIBIDA | Cortesía y respeto durante la atención | I","BAse completa","BN","Cortesía y respeto durante la atención","likert_one_hot","exactly_one_or_none|allowed_options_MS_S_N_I_MI","one_hot_consistency","trim_upper_ascii + map_catalog_aliases","default_0","multiple_options_marked|no_option_marked"
"67","MSPAS_BO","TRATO Y ATENCIÓN RECIBIDA | Cortesía y respeto durante la atención | MI","BAse completa","BO","Cortesía y respeto durante la atención","likert_one_hot","exactly_one_or_none|allowed_options_MS_S_N_I_MI","one_hot_consistency","trim_upper_ascii + map_catalog_aliases","default_0","multiple_options_marked|no_option_marked"
"68","MSPAS_BP","TRATO Y ATENCIÓN RECIBIDA | El personal le llamó por su nombre | MS","BAse completa","BP","El personal le llamó por su nombre","likert_one_hot","exactly_one_or_none|allowed_options_MS_S_N_I_MI","one_hot_consistency","trim_upper_ascii + map_catalog_aliases","default_0","multiple_options_marked|no_option_marked"
"69","MSPAS_BQ","TRATO Y ATENCIÓN RECIBIDA | El personal le llamó por su nombre | S","BAse completa","BQ","El personal le llamó por su nombre","likert_one_hot","exactly_one_or_none|allowed_options_MS_S_N_I_MI","one_hot_consistency","trim_upper_ascii + map_catalog_aliases","default_0","multiple_options_marked|no_option_marked"
"70","MSPAS_BR","TRATO Y ATENCIÓN RECIBIDA | El personal le llamó por su nombre | N","BAse completa","BR","El personal le llamó por su nombre","likert_one_hot","exactly_one_or_none|allowed_options_MS_S_N_I_MI","one_hot_consistency","trim_upper_ascii + map_catalog_aliases","default_0","multiple_options_marked|no_option_marked"
"71","MSPAS_BS","TRATO Y ATENCIÓN RECIBIDA | El personal le llamó por su nombre | I","BAse completa","BS","El personal le llamó por su nombre","likert_one_hot","exactly_one_or_none|allowed_options_MS_S_N_I_MI","one_hot_consistency","trim_upper_ascii + map_catalog_aliases","default_0","multiple_options_marked|no_option_marked"
"72","MSPAS_BT","TRATO Y ATENCIÓN RECIBIDA | El personal le llamó por su nombre | MI","BAse completa","BT","El personal le llamó por su nombre","likert_one_hot","exactly_one_or_none|allowed_options_MS_S_N_I_MI","one_hot_consistency","trim_upper_ascii + map_catalog_aliases","default_0","multiple_options_marked|no_option_marked"
"73","MSPAS_BU","TRATO Y ATENCIÓN EN LOS SERVICIOS DE APOYO | Psicología | MS","BAse completa","BU","Psicología","likert_one_hot","exactly_one_or_none|allowed_options_MS_S_N_I_MI","one_hot_consistency","trim_upper_ascii + map_catalog_aliases","default_0","multiple_options_marked|no_option_marked"
"74","MSPAS_BV","TRATO Y ATENCIÓN EN LOS SERVICIOS DE APOYO | Psicología | S","BAse completa","BV","Psicología","likert_one_hot","exactly_one_or_none|allowed_options_MS_S_N_I_MI","one_hot_consistency","trim_upper_ascii + map_catalog_aliases","default_0","multiple_options_marked|no_option_marked"
"75","MSPAS_BW","TRATO Y ATENCIÓN EN LOS SERVICIOS DE APOYO | Psicología | N","BAse completa","BW","Psicología","likert_one_hot","exactly_one_or_none|allowed_options_MS_S_N_I_MI","one_hot_consistency","trim_upper_ascii + map_catalog_aliases","default_0","multiple_options_marked|no_option_marked"
"76","MSPAS_BX","TRATO Y ATENCIÓN EN LOS SERVICIOS DE APOYO | Psicología | I","BAse completa","BX","Psicología","likert_one_hot","exactly_one_or_none|allowed_options_MS_S_N_I_MI","one_hot_consistency","trim_upper_ascii + map_catalog_aliases","default_0","multiple_options_marked|no_option_marked"
"77","MSPAS_BY","TRATO Y ATENCIÓN EN LOS SERVICIOS DE APOYO | Psicología | MI","BAse completa","BY","Psicología","likert_one_hot","exactly_one_or_none|allowed_options_MS_S_N_I_MI","one_hot_consistency","trim_upper_ascii + map_catalog_aliases","default_0","multiple_options_marked|no_option_marked"
"78","MSPAS_BZ","TRATO Y ATENCIÓN EN LOS SERVICIOS DE APOYO | Nutrición | MS","BAse completa","BZ","Nutrición","likert_one_hot","exactly_one_or_none|allowed_options_MS_S_N_I_MI","one_hot_consistency","trim_upper_ascii + map_catalog_aliases","default_0","multiple_options_marked|no_option_marked"
"79","MSPAS_CA","TRATO Y ATENCIÓN EN LOS SERVICIOS DE APOYO | Nutrición | S","BAse completa","CA","Nutrición","likert_one_hot","exactly_one_or_none|allowed_options_MS_S_N_I_MI","one_hot_consistency","trim_upper_ascii + map_catalog_aliases","default_0","multiple_options_marked|no_option_marked"
"80","MSPAS_CB","TRATO Y ATENCIÓN EN LOS SERVICIOS DE APOYO | Nutrición | N","BAse completa","CB","Nutrición","likert_one_hot","exactly_one_or_none|allowed_options_MS_S_N_I_MI","one_hot_consistency","trim_upper_ascii + map_catalog_aliases","default_0","multiple_options_marked|no_option_marked"
"81","MSPAS_CC","TRATO Y ATENCIÓN EN LOS SERVICIOS DE APOYO | Nutrición | I","BAse completa","CC","Nutrición","likert_one_hot","exactly_one_or_none|allowed_options_MS_S_N_I_MI","one_hot_consistency","trim_upper_ascii + map_catalog_aliases","default_0","multiple_options_marked|no_option_marked"
"82","MSPAS_CD","TRATO Y ATENCIÓN EN LOS SERVICIOS DE APOYO | Nutrición | MI","BAse completa","CD","Nutrición","likert_one_hot","exactly_one_or_none|allowed_options_MS_S_N_I_MI","one_hot_consistency","trim_upper_ascii + map_catalog_aliases","default_0","multiple_options_marked|no_option_marked"
"83","MSPAS_CE","TRATO Y ATENCIÓN EN LOS SERVICIOS DE APOYO | Trabajo Social | MS","BAse completa","CE","Trabajo Social","likert_one_hot","exactly_one_or_none|allowed_options_MS_S_N_I_MI","one_hot_consistency","trim_upper_ascii + map_catalog_aliases","default_0","multiple_options_marked|no_option_marked"
"84","MSPAS_CF","TRATO Y ATENCIÓN EN LOS SERVICIOS DE APOYO | Trabajo Social | S","BAse completa","CF","Trabajo Social","likert_one_hot","exactly_one_or_none|allowed_options_MS_S_N_I_MI","one_hot_consistency","trim_upper_ascii + map_catalog_aliases","default_0","multiple_options_marked|no_option_marked"
"85","MSPAS_CG","TRATO Y ATENCIÓN EN LOS SERVICIOS DE APOYO | Trabajo Social | N","BAse completa","CG","Trabajo Social","likert_one_hot","exactly_one_or_none|allowed_options_MS_S_N_I_MI","one_hot_consistency","trim_upper_ascii + map_catalog_aliases","default_0","multiple_options_marked|no_option_marked"
"86","MSPAS_CH","TRATO Y ATENCIÓN EN LOS SERVICIOS DE APOYO | Trabajo Social | I","BAse completa","CH","Trabajo Social","likert_one_hot","exactly_one_or_none|allowed_options_MS_S_N_I_MI","one_hot_consistency","trim_upper_ascii + map_catalog_aliases","default_0","multiple_options_marked|no_option_marked"
"87","MSPAS_CI","TRATO Y ATENCIÓN EN LOS SERVICIOS DE APOYO | Trabajo Social | MI","BAse completa","CI","Trabajo Social","likert_one_hot","exactly_one_or_none|allowed_options_MS_S_N_I_MI","one_hot_consistency","trim_upper_ascii + map_catalog_aliases","default_0","multiple_options_marked|no_option_marked"
"88","MSPAS_CJ","TRATO Y ATENCIÓN EN LOS SERVICIOS DE APOYO | Laboratorio Clínico | MS","BAse completa","CJ","Laboratorio Clínico","likert_one_hot","exactly_one_or_none|allowed_options_MS_S_N_I_MI","one_hot_consistency","trim_upper_ascii + map_catalog_aliases","default_0","multiple_options_marked|no_option_marked"
"89","MSPAS_CK","TRATO Y ATENCIÓN EN LOS SERVICIOS DE APOYO | Laboratorio Clínico | S","BAse completa","CK","Laboratorio Clínico","likert_one_hot","exactly_one_or_none|allowed_options_MS_S_N_I_MI","one_hot_consistency","trim_upper_ascii + map_catalog_aliases","default_0","multiple_options_marked|no_option_marked"
"90","MSPAS_CL","TRATO Y ATENCIÓN EN LOS SERVICIOS DE APOYO | Laboratorio Clínico | N","BAse completa","CL","Laboratorio Clínico","likert_one_hot","exactly_one_or_none|allowed_options_MS_S_N_I_MI","one_hot_consistency","trim_upper_ascii + map_catalog_aliases","default_0","multiple_options_marked|no_option_marked"
"91","MSPAS_CM","TRATO Y ATENCIÓN EN LOS SERVICIOS DE APOYO | Laboratorio Clínico | I","BAse completa","CM","Laboratorio Clínico","likert_one_hot","exactly_one_or_none|allowed_options_MS_S_N_I_MI","one_hot_consistency","trim_upper_ascii + map_catalog_aliases","default_0","multiple_options_marked|no_option_marked"
"92","MSPAS_CN","TRATO Y ATENCIÓN EN LOS SERVICIOS DE APOYO | Laboratorio Clínico | MI","BAse completa","CN","Laboratorio Clínico","likert_one_hot","exactly_one_or_none|allowed_options_MS_S_N_I_MI","one_hot_consistency","trim_upper_ascii + map_catalog_aliases","default_0","multiple_options_marked|no_option_marked"
"93","MSPAS_CO","TRATO Y ATENCIÓN EN LOS SERVICIOS DE APOYO | Imágenes Diagnosticas (rayos x, ultrasonido) | MS","BAse completa","CO","Imágenes Diagnosticas (rayos x, ultrasonido)","likert_one_hot","exactly_one_or_none|allowed_options_MS_S_N_I_MI","one_hot_consistency","trim_upper_ascii + map_catalog_aliases","default_0","multiple_options_marked|no_option_marked"
"94","MSPAS_CP","TRATO Y ATENCIÓN EN LOS SERVICIOS DE APOYO | Imágenes Diagnosticas (rayos x, ultrasonido) | S","BAse completa","CP","Imágenes Diagnosticas (rayos x, ultrasonido)","likert_one_hot","exactly_one_or_none|allowed_options_MS_S_N_I_MI","one_hot_consistency","trim_upper_ascii + map_catalog_aliases","default_0","multiple_options_marked|no_option_marked"
"95","MSPAS_CQ","TRATO Y ATENCIÓN EN LOS SERVICIOS DE APOYO | Imágenes Diagnosticas (rayos x, ultrasonido) | N","BAse completa","CQ","Imágenes Diagnosticas (rayos x, ultrasonido)","likert_one_hot","exactly_one_or_none|allowed_options_MS_S_N_I_MI","one_hot_consistency","trim_upper_ascii + map_catalog_aliases","default_0","multiple_options_marked|no_option_marked"
"96","MSPAS_CR","TRATO Y ATENCIÓN EN LOS SERVICIOS DE APOYO | Imágenes Diagnosticas (rayos x, ultrasonido) | I","BAse completa","CR","Imágenes Diagnosticas (rayos x, ultrasonido)","likert_one_hot","exactly_one_or_none|allowed_options_MS_S_N_I_MI","one_hot_consistency","trim_upper_ascii + map_catalog_aliases","default_0","multiple_options_marked|no_option_marked"
"97","MSPAS_CS","TRATO Y ATENCIÓN EN LOS SERVICIOS DE APOYO | Imágenes Diagnosticas (rayos x, ultrasonido) | MI","BAse completa","CS","Imágenes Diagnosticas (rayos x, ultrasonido)","likert_one_hot","exactly_one_or_none|allowed_options_MS_S_N_I_MI","one_hot_consistency","trim_upper_ascii + map_catalog_aliases","default_0","multiple_options_marked|no_option_marked"
"98","MSPAS_CT","TRATO Y ATENCIÓN EN LOS SERVICIOS DE APOYO | UISAU | MS","BAse completa","CT","UISAU","likert_one_hot","exactly_one_or_none|allowed_options_MS_S_N_I_MI","one_hot_consistency","trim_upper_ascii + map_catalog_aliases","default_0","multiple_options_marked|no_option_marked"
"99","MSPAS_CU","TRATO Y ATENCIÓN EN LOS SERVICIOS DE APOYO | UISAU | S","BAse completa","CU","UISAU","likert_one_hot","exactly_one_or_none|allowed_options_MS_S_N_I_MI","one_hot_consistency","trim_upper_ascii + map_catalog_aliases","default_0","multiple_options_marked|no_option_marked"
"100","MSPAS_CV","TRATO Y ATENCIÓN EN LOS SERVICIOS DE APOYO | UISAU | N","BAse completa","CV","UISAU","likert_one_hot","exactly_one_or_none|allowed_options_MS_S_N_I_MI","one_hot_consistency","trim_upper_ascii + map_catalog_aliases","default_0","multiple_options_marked|no_option_marked"
"101","MSPAS_CW","TRATO Y ATENCIÓN EN LOS SERVICIOS DE APOYO | UISAU | I","BAse completa","CW","UISAU","likert_one_hot","exactly_one_or_none|allowed_options_MS_S_N_I_MI","one_hot_consistency","trim_upper_ascii + map_catalog_aliases","default_0","multiple_options_marked|no_option_marked"
"102","MSPAS_CX","TRATO Y ATENCIÓN EN LOS SERVICIOS DE APOYO | UISAU | MI","BAse completa","CX","UISAU","likert_one_hot","exactly_one_or_none|allowed_options_MS_S_N_I_MI","one_hot_consistency","trim_upper_ascii + map_catalog_aliases","default_0","multiple_options_marked|no_option_marked"
"103","MSPAS_CY","COMUNICACIÓN E INFORMACIÓN | Claridad de información sobre estado de salud | MS","BAse completa","CY","Claridad de información sobre estado de salud","likert_one_hot","exactly_one_or_none|allowed_options_MS_S_N_I_MI","one_hot_consistency","trim_upper_ascii + map_catalog_aliases","default_0","multiple_options_marked|no_option_marked"
"104","MSPAS_CZ","COMUNICACIÓN E INFORMACIÓN | Claridad de información sobre estado de salud | S","BAse completa","CZ","Claridad de información sobre estado de salud","likert_one_hot","exactly_one_or_none|allowed_options_MS_S_N_I_MI","one_hot_consistency","trim_upper_ascii + map_catalog_aliases","default_0","multiple_options_marked|no_option_marked"
"105","MSPAS_DA","COMUNICACIÓN E INFORMACIÓN | Claridad de información sobre estado de salud | N","BAse completa","DA","Claridad de información sobre estado de salud","likert_one_hot","exactly_one_or_none|allowed_options_MS_S_N_I_MI","one_hot_consistency","trim_upper_ascii + map_catalog_aliases","default_0","multiple_options_marked|no_option_marked"
"106","MSPAS_DB","COMUNICACIÓN E INFORMACIÓN | Claridad de información sobre estado de salud | I","BAse completa","DB","Claridad de información sobre estado de salud","likert_one_hot","exactly_one_or_none|allowed_options_MS_S_N_I_MI","one_hot_consistency","trim_upper_ascii + map_catalog_aliases","default_0","multiple_options_marked|no_option_marked"
"107","MSPAS_DC","COMUNICACIÓN E INFORMACIÓN | Claridad de información sobre estado de salud | MI","BAse completa","DC","Claridad de información sobre estado de salud","likert_one_hot","exactly_one_or_none|allowed_options_MS_S_N_I_MI","one_hot_consistency","trim_upper_ascii + map_catalog_aliases","default_0","multiple_options_marked|no_option_marked"
"108","MSPAS_DD","COMUNICACIÓN E INFORMACIÓN | Idioma en que se brindo la información | MS","BAse completa","DD","Idioma en que se brindo la información","likert_one_hot","exactly_one_or_none|allowed_options_MS_S_N_I_MI","one_hot_consistency","trim_upper_ascii + map_catalog_aliases","default_0","multiple_options_marked|no_option_marked"
"109","MSPAS_DE","COMUNICACIÓN E INFORMACIÓN | Idioma en que se brindo la información | S","BAse completa","DE","Idioma en que se brindo la información","likert_one_hot","exactly_one_or_none|allowed_options_MS_S_N_I_MI","one_hot_consistency","trim_upper_ascii + map_catalog_aliases","default_0","multiple_options_marked|no_option_marked"
"110","MSPAS_DF","COMUNICACIÓN E INFORMACIÓN | Idioma en que se brindo la información | N","BAse completa","DF","Idioma en que se brindo la información","likert_one_hot","exactly_one_or_none|allowed_options_MS_S_N_I_MI","one_hot_consistency","trim_upper_ascii + map_catalog_aliases","default_0","multiple_options_marked|no_option_marked"
"111","MSPAS_DG","COMUNICACIÓN E INFORMACIÓN | Idioma en que se brindo la información | I","BAse completa","DG","Idioma en que se brindo la información","likert_one_hot","exactly_one_or_none|allowed_options_MS_S_N_I_MI","one_hot_consistency","trim_upper_ascii + map_catalog_aliases","default_0","multiple_options_marked|no_option_marked"
"112","MSPAS_DH","COMUNICACIÓN E INFORMACIÓN | Idioma en que se brindo la información | MI","BAse completa","DH","Idioma en que se brindo la información","likert_one_hot","exactly_one_or_none|allowed_options_MS_S_N_I_MI","one_hot_consistency","trim_upper_ascii + map_catalog_aliases","default_0","multiple_options_marked|no_option_marked"
"113","MSPAS_DI","COMUNICACIÓN E INFORMACIÓN | Explicación clara y comprensible del diagnostico y tratamiento | MS","BAse completa","DI","Explicación clara y comprensible del diagnostico y tratamiento","likert_one_hot","exactly_one_or_none|allowed_options_MS_S_N_I_MI","one_hot_consistency","trim_upper_ascii + map_catalog_aliases","default_0","multiple_options_marked|no_option_marked"
"114","MSPAS_DJ","COMUNICACIÓN E INFORMACIÓN | Explicación clara y comprensible del diagnostico y tratamiento | S","BAse completa","DJ","Explicación clara y comprensible del diagnostico y tratamiento","likert_one_hot","exactly_one_or_none|allowed_options_MS_S_N_I_MI","one_hot_consistency","trim_upper_ascii + map_catalog_aliases","default_0","multiple_options_marked|no_option_marked"
"115","MSPAS_DK","COMUNICACIÓN E INFORMACIÓN | Explicación clara y comprensible del diagnostico y tratamiento | N","BAse completa","DK","Explicación clara y comprensible del diagnostico y tratamiento","likert_one_hot","exactly_one_or_none|allowed_options_MS_S_N_I_MI","one_hot_consistency","trim_upper_ascii + map_catalog_aliases","default_0","multiple_options_marked|no_option_marked"
"116","MSPAS_DL","COMUNICACIÓN E INFORMACIÓN | Explicación clara y comprensible del diagnostico y tratamiento | I","BAse completa","DL","Explicación clara y comprensible del diagnostico y tratamiento","likert_one_hot","exactly_one_or_none|allowed_options_MS_S_N_I_MI","one_hot_consistency","trim_upper_ascii + map_catalog_aliases","default_0","multiple_options_marked|no_option_marked"
"117","MSPAS_DM","COMUNICACIÓN E INFORMACIÓN | Explicación clara y comprensible del diagnostico y tratamiento | MI","BAse completa","DM","Explicación clara y comprensible del diagnostico y tratamiento","likert_one_hot","exactly_one_or_none|allowed_options_MS_S_N_I_MI","one_hot_consistency","trim_upper_ascii + map_catalog_aliases","default_0","multiple_options_marked|no_option_marked"
"118","MSPAS_DN","TIEMPO Y CONDICIONES | Tiempo de espera hasta recibir la atención | MS","BAse completa","DN","Tiempo de espera hasta recibir la atención","likert_one_hot","exactly_one_or_none|allowed_options_MS_S_N_I_MI","one_hot_consistency","trim_upper_ascii + map_catalog_aliases","default_0","multiple_options_marked|no_option_marked"
"119","MSPAS_DO","TIEMPO Y CONDICIONES | Tiempo de espera hasta recibir la atención | S","BAse completa","DO","Tiempo de espera hasta recibir la atención","likert_one_hot","exactly_one_or_none|allowed_options_MS_S_N_I_MI","one_hot_consistency","trim_upper_ascii + map_catalog_aliases","default_0","multiple_options_marked|no_option_marked"
"120","MSPAS_DP","TIEMPO Y CONDICIONES | Tiempo de espera hasta recibir la atención | N","BAse completa","DP","Tiempo de espera hasta recibir la atención","likert_one_hot","exactly_one_or_none|allowed_options_MS_S_N_I_MI","one_hot_consistency","trim_upper_ascii + map_catalog_aliases","default_0","multiple_options_marked|no_option_marked"
"121","MSPAS_DQ","TIEMPO Y CONDICIONES | Tiempo de espera hasta recibir la atención | I","BAse completa","DQ","Tiempo de espera hasta recibir la atención","likert_one_hot","exactly_one_or_none|allowed_options_MS_S_N_I_MI","one_hot_consistency","trim_upper_ascii + map_catalog_aliases","default_0","multiple_options_marked|no_option_marked"
"122","MSPAS_DR","TIEMPO Y CONDICIONES | Tiempo de espera hasta recibir la atención | MI","BAse completa","DR","Tiempo de espera hasta recibir la atención","likert_one_hot","exactly_one_or_none|allowed_options_MS_S_N_I_MI","one_hot_consistency","trim_upper_ascii + map_catalog_aliases","default_0","multiple_options_marked|no_option_marked"
"123","MSPAS_DS","TIEMPO Y CONDICIONES | Comodidad en sala de espera | MS","BAse completa","DS","Comodidad en sala de espera","likert_one_hot","exactly_one_or_none|allowed_options_MS_S_N_I_MI","one_hot_consistency","trim_upper_ascii + map_catalog_aliases","default_0","multiple_options_marked|no_option_marked"
"124","MSPAS_DT","TIEMPO Y CONDICIONES | Comodidad en sala de espera | S","BAse completa","DT","Comodidad en sala de espera","likert_one_hot","exactly_one_or_none|allowed_options_MS_S_N_I_MI","one_hot_consistency","trim_upper_ascii + map_catalog_aliases","default_0","multiple_options_marked|no_option_marked"
"125","MSPAS_DU","TIEMPO Y CONDICIONES | Comodidad en sala de espera | N","BAse completa","DU","Comodidad en sala de espera","likert_one_hot","exactly_one_or_none|allowed_options_MS_S_N_I_MI","one_hot_consistency","trim_upper_ascii + map_catalog_aliases","default_0","multiple_options_marked|no_option_marked"
"126","MSPAS_DV","TIEMPO Y CONDICIONES | Comodidad en sala de espera | I","BAse completa","DV","Comodidad en sala de espera","likert_one_hot","exactly_one_or_none|allowed_options_MS_S_N_I_MI","one_hot_consistency","trim_upper_ascii + map_catalog_aliases","default_0","multiple_options_marked|no_option_marked"
"127","MSPAS_DW","TIEMPO Y CONDICIONES | Comodidad en sala de espera | MI","BAse completa","DW","Comodidad en sala de espera","likert_one_hot","exactly_one_or_none|allowed_options_MS_S_N_I_MI","one_hot_consistency","trim_upper_ascii + map_catalog_aliases","default_0","multiple_options_marked|no_option_marked"
"128","MSPAS_DX","TIEMPO Y CONDICIONES | Limpieza del área donde fue atendido | MS","BAse completa","DX","Limpieza del área donde fue atendido","likert_one_hot","exactly_one_or_none|allowed_options_MS_S_N_I_MI","one_hot_consistency","trim_upper_ascii + map_catalog_aliases","default_0","multiple_options_marked|no_option_marked"
"129","MSPAS_DY","TIEMPO Y CONDICIONES | Limpieza del área donde fue atendido | S","BAse completa","DY","Limpieza del área donde fue atendido","likert_one_hot","exactly_one_or_none|allowed_options_MS_S_N_I_MI","one_hot_consistency","trim_upper_ascii + map_catalog_aliases","default_0","multiple_options_marked|no_option_marked"
"130","MSPAS_DZ","TIEMPO Y CONDICIONES | Limpieza del área donde fue atendido | N","BAse completa","DZ","Limpieza del área donde fue atendido","likert_one_hot","exactly_one_or_none|allowed_options_MS_S_N_I_MI","one_hot_consistency","trim_upper_ascii + map_catalog_aliases","default_0","multiple_options_marked|no_option_marked"
"131","MSPAS_EA","TIEMPO Y CONDICIONES | Limpieza del área donde fue atendido | I","BAse completa","EA","Limpieza del área donde fue atendido","likert_one_hot","exactly_one_or_none|allowed_options_MS_S_N_I_MI","one_hot_consistency","trim_upper_ascii + map_catalog_aliases","default_0","multiple_options_marked|no_option_marked"
"132","MSPAS_EB","TIEMPO Y CONDICIONES | Limpieza del área donde fue atendido | MI","BAse completa","EB","Limpieza del área donde fue atendido","likert_one_hot","exactly_one_or_none|allowed_options_MS_S_N_I_MI","one_hot_consistency","trim_upper_ascii + map_catalog_aliases","default_0","multiple_options_marked|no_option_marked"
"133","MSPAS_EC","TIEMPO Y CONDICIONES | Limpieza en los servicios sanitarios | MS","BAse completa","EC","Limpieza en los servicios sanitarios","likert_one_hot","exactly_one_or_none|allowed_options_MS_S_N_I_MI","one_hot_consistency","trim_upper_ascii + map_catalog_aliases","default_0","multiple_options_marked|no_option_marked"
"134","MSPAS_ED","TIEMPO Y CONDICIONES | Limpieza en los servicios sanitarios | S","BAse completa","ED","Limpieza en los servicios sanitarios","likert_one_hot","exactly_one_or_none|allowed_options_MS_S_N_I_MI","one_hot_consistency","trim_upper_ascii + map_catalog_aliases","default_0","multiple_options_marked|no_option_marked"
"135","MSPAS_EE","TIEMPO Y CONDICIONES | Limpieza en los servicios sanitarios | N","BAse completa","EE","Limpieza en los servicios sanitarios","likert_one_hot","exactly_one_or_none|allowed_options_MS_S_N_I_MI","one_hot_consistency","trim_upper_ascii + map_catalog_aliases","default_0","multiple_options_marked|no_option_marked"
"136","MSPAS_EF","TIEMPO Y CONDICIONES | Limpieza en los servicios sanitarios | I","BAse completa","EF","Limpieza en los servicios sanitarios","likert_one_hot","exactly_one_or_none|allowed_options_MS_S_N_I_MI","one_hot_consistency","trim_upper_ascii + map_catalog_aliases","default_0","multiple_options_marked|no_option_marked"
"137","MSPAS_EG","TIEMPO Y CONDICIONES | Limpieza en los servicios sanitarios | MI","BAse completa","EG","Limpieza en los servicios sanitarios","likert_one_hot","exactly_one_or_none|allowed_options_MS_S_N_I_MI","one_hot_consistency","trim_upper_ascii + map_catalog_aliases","default_0","multiple_options_marked|no_option_marked"
"138","MSPAS_EH","TIEMPO Y CONDICIONES | Ventilación e iluminación del área de espera | MS","BAse completa","EH","Ventilación e iluminación del área de espera","likert_one_hot","exactly_one_or_none|allowed_options_MS_S_N_I_MI","one_hot_consistency","trim_upper_ascii + map_catalog_aliases","default_0","multiple_options_marked|no_option_marked"
"139","MSPAS_EI","TIEMPO Y CONDICIONES | Ventilación e iluminación del área de espera | S","BAse completa","EI","Ventilación e iluminación del área de espera","likert_one_hot","exactly_one_or_none|allowed_options_MS_S_N_I_MI","one_hot_consistency","trim_upper_ascii + map_catalog_aliases","default_0","multiple_options_marked|no_option_marked"
"140","MSPAS_EJ","TIEMPO Y CONDICIONES | Ventilación e iluminación del área de espera | N","BAse completa","EJ","Ventilación e iluminación del área de espera","likert_one_hot","exactly_one_or_none|allowed_options_MS_S_N_I_MI","one_hot_consistency","trim_upper_ascii + map_catalog_aliases","default_0","multiple_options_marked|no_option_marked"
"141","MSPAS_EK","TIEMPO Y CONDICIONES | Ventilación e iluminación del área de espera | I","BAse completa","EK","Ventilación e iluminación del área de espera","likert_one_hot","exactly_one_or_none|allowed_options_MS_S_N_I_MI","one_hot_consistency","trim_upper_ascii + map_catalog_aliases","default_0","multiple_options_marked|no_option_marked"
"142","MSPAS_EL","TIEMPO Y CONDICIONES | Ventilación e iluminación del área de espera | MI","BAse completa","EL","Ventilación e iluminación del área de espera","likert_one_hot","exactly_one_or_none|allowed_options_MS_S_N_I_MI","one_hot_consistency","trim_upper_ascii + map_catalog_aliases","default_0","multiple_options_marked|no_option_marked"
"143","MSPAS_EM","TIEMPO Y CONDICIONES | Ventilación e iluminación del área donde fue atendido | MS","BAse completa","EM","Ventilación e iluminación del área donde fue atendido","likert_one_hot","exactly_one_or_none|allowed_options_MS_S_N_I_MI","one_hot_consistency","trim_upper_ascii + map_catalog_aliases","default_0","multiple_options_marked|no_option_marked"
"144","MSPAS_EN","TIEMPO Y CONDICIONES | Ventilación e iluminación del área donde fue atendido | S","BAse completa","EN","Ventilación e iluminación del área donde fue atendido","likert_one_hot","exactly_one_or_none|allowed_options_MS_S_N_I_MI","one_hot_consistency","trim_upper_ascii + map_catalog_aliases","default_0","multiple_options_marked|no_option_marked"
"145","MSPAS_EO","TIEMPO Y CONDICIONES | Ventilación e iluminación del área donde fue atendido | N","BAse completa","EO","Ventilación e iluminación del área donde fue atendido","likert_one_hot","exactly_one_or_none|allowed_options_MS_S_N_I_MI","one_hot_consistency","trim_upper_ascii + map_catalog_aliases","default_0","multiple_options_marked|no_option_marked"
"146","MSPAS_EP","TIEMPO Y CONDICIONES | Ventilación e iluminación del área donde fue atendido | I","BAse completa","EP","Ventilación e iluminación del área donde fue atendido","likert_one_hot","exactly_one_or_none|allowed_options_MS_S_N_I_MI","one_hot_consistency","trim_upper_ascii + map_catalog_aliases","default_0","multiple_options_marked|no_option_marked"
"147","MSPAS_EQ","TIEMPO Y CONDICIONES | Ventilación e iluminación del área donde fue atendido | MI","BAse completa","EQ","Ventilación e iluminación del área donde fue atendido","likert_one_hot","exactly_one_or_none|allowed_options_MS_S_N_I_MI","one_hot_consistency","trim_upper_ascii + map_catalog_aliases","default_0","multiple_options_marked|no_option_marked"
"148","MSPAS_ER","TIEMPO Y CONDICIONES | Privacidad y seguridad durante la atención | MS","BAse completa","ER","Privacidad y seguridad durante la atención","likert_one_hot","exactly_one_or_none|allowed_options_MS_S_N_I_MI","one_hot_consistency","trim_upper_ascii + map_catalog_aliases","default_0","multiple_options_marked|no_option_marked"
"149","MSPAS_ES","TIEMPO Y CONDICIONES | Privacidad y seguridad durante la atención | S","BAse completa","ES","Privacidad y seguridad durante la atención","likert_one_hot","exactly_one_or_none|allowed_options_MS_S_N_I_MI","one_hot_consistency","trim_upper_ascii + map_catalog_aliases","default_0","multiple_options_marked|no_option_marked"
"150","MSPAS_ET","TIEMPO Y CONDICIONES | Privacidad y seguridad durante la atención | N","BAse completa","ET","Privacidad y seguridad durante la atención","likert_one_hot","exactly_one_or_none|allowed_options_MS_S_N_I_MI","one_hot_consistency","trim_upper_ascii + map_catalog_aliases","default_0","multiple_options_marked|no_option_marked"
"151","MSPAS_EU","TIEMPO Y CONDICIONES | Privacidad y seguridad durante la atención | I","BAse completa","EU","Privacidad y seguridad durante la atención","likert_one_hot","exactly_one_or_none|allowed_options_MS_S_N_I_MI","one_hot_consistency","trim_upper_ascii + map_catalog_aliases","default_0","multiple_options_marked|no_option_marked"
"152","MSPAS_EV","TIEMPO Y CONDICIONES | Privacidad y seguridad durante la atención | MI","BAse completa","EV","Privacidad y seguridad durante la atención","likert_one_hot","exactly_one_or_none|allowed_options_MS_S_N_I_MI","one_hot_consistency","trim_upper_ascii + map_catalog_aliases","default_0","multiple_options_marked|no_option_marked"
"153","MSPAS_EW","ENCAMAMIENTO | Estado y limpieza de la ropa de cama | MS","BAse completa","EW","Estado y limpieza de la ropa de cama","likert_one_hot","exactly_one_or_none|allowed_options_MS_S_N_I_MI","one_hot_consistency","trim_upper_ascii + map_catalog_aliases","default_0","multiple_options_marked|no_option_marked"
"154","MSPAS_EX","ENCAMAMIENTO | Estado y limpieza de la ropa de cama | S","BAse completa","EX","Estado y limpieza de la ropa de cama","likert_one_hot","exactly_one_or_none|allowed_options_MS_S_N_I_MI","one_hot_consistency","trim_upper_ascii + map_catalog_aliases","default_0","multiple_options_marked|no_option_marked"
"155","MSPAS_EY","ENCAMAMIENTO | Estado y limpieza de la ropa de cama | N","BAse completa","EY","Estado y limpieza de la ropa de cama","likert_one_hot","exactly_one_or_none|allowed_options_MS_S_N_I_MI","one_hot_consistency","trim_upper_ascii + map_catalog_aliases","default_0","multiple_options_marked|no_option_marked"
"156","MSPAS_EZ","ENCAMAMIENTO | Estado y limpieza de la ropa de cama | I","BAse completa","EZ","Estado y limpieza de la ropa de cama","likert_one_hot","exactly_one_or_none|allowed_options_MS_S_N_I_MI","one_hot_consistency","trim_upper_ascii + map_catalog_aliases","default_0","multiple_options_marked|no_option_marked"
"157","MSPAS_FA","ENCAMAMIENTO | Estado y limpieza de la ropa de cama | MI","BAse completa","FA","Estado y limpieza de la ropa de cama","likert_one_hot","exactly_one_or_none|allowed_options_MS_S_N_I_MI","one_hot_consistency","trim_upper_ascii + map_catalog_aliases","default_0","multiple_options_marked|no_option_marked"
"158","MSPAS_FB","ENCAMAMIENTO | Calidad y tiempo oportuno de los alimentos | MS","BAse completa","FB","Calidad y tiempo oportuno de los alimentos","likert_one_hot","exactly_one_or_none|allowed_options_MS_S_N_I_MI","one_hot_consistency","trim_upper_ascii + map_catalog_aliases","default_0","multiple_options_marked|no_option_marked"
"159","MSPAS_FC","ENCAMAMIENTO | Calidad y tiempo oportuno de los alimentos | S","BAse completa","FC","Calidad y tiempo oportuno de los alimentos","likert_one_hot","exactly_one_or_none|allowed_options_MS_S_N_I_MI","one_hot_consistency","trim_upper_ascii + map_catalog_aliases","default_0","multiple_options_marked|no_option_marked"
"160","MSPAS_FD","ENCAMAMIENTO | Calidad y tiempo oportuno de los alimentos | N","BAse completa","FD","Calidad y tiempo oportuno de los alimentos","likert_one_hot","exactly_one_or_none|allowed_options_MS_S_N_I_MI","one_hot_consistency","trim_upper_ascii + map_catalog_aliases","default_0","multiple_options_marked|no_option_marked"
"161","MSPAS_FE","ENCAMAMIENTO | Calidad y tiempo oportuno de los alimentos | I","BAse completa","FE","Calidad y tiempo oportuno de los alimentos","likert_one_hot","exactly_one_or_none|allowed_options_MS_S_N_I_MI","one_hot_consistency","trim_upper_ascii + map_catalog_aliases","default_0","multiple_options_marked|no_option_marked"
"162","MSPAS_FF","ENCAMAMIENTO | Calidad y tiempo oportuno de los alimentos | MI","BAse completa","FF","Calidad y tiempo oportuno de los alimentos","likert_one_hot","exactly_one_or_none|allowed_options_MS_S_N_I_MI","one_hot_consistency","trim_upper_ascii + map_catalog_aliases","default_0","multiple_options_marked|no_option_marked"
"163","MSPAS_FG","SATISFFACCIÓN GLOBAL | Nivel de satisfacción con el servicio recibido | MS","BAse completa","FG","Nivel de satisfacción con el servicio recibido","likert_one_hot","exactly_one_or_none|allowed_options_MS_S_N_I_MI","one_hot_consistency","trim_upper_ascii + map_catalog_aliases","default_0","multiple_options_marked|no_option_marked"
"164","MSPAS_FH","SATISFFACCIÓN GLOBAL | Nivel de satisfacción con el servicio recibido | S","BAse completa","FH","Nivel de satisfacción con el servicio recibido","likert_one_hot","exactly_one_or_none|allowed_options_MS_S_N_I_MI","one_hot_consistency","trim_upper_ascii + map_catalog_aliases","default_0","multiple_options_marked|no_option_marked"
"165","MSPAS_FI","SATISFFACCIÓN GLOBAL | Nivel de satisfacción con el servicio recibido | N","BAse completa","FI","Nivel de satisfacción con el servicio recibido","likert_one_hot","exactly_one_or_none|allowed_options_MS_S_N_I_MI","one_hot_consistency","trim_upper_ascii + map_catalog_aliases","default_0","multiple_options_marked|no_option_marked"
"166","MSPAS_FJ","SATISFFACCIÓN GLOBAL | Nivel de satisfacción con el servicio recibido | I","BAse completa","FJ","Nivel de satisfacción con el servicio recibido","likert_one_hot","exactly_one_or_none|allowed_options_MS_S_N_I_MI","one_hot_consistency","trim_upper_ascii + map_catalog_aliases","default_0","multiple_options_marked|no_option_marked"
"167","MSPAS_FK","SATISFFACCIÓN GLOBAL | Nivel de satisfacción con el servicio recibido | MI","BAse completa","FK","Nivel de satisfacción con el servicio recibido","likert_one_hot","exactly_one_or_none|allowed_options_MS_S_N_I_MI","one_hot_consistency","trim_upper_ascii + map_catalog_aliases","default_0","multiple_options_marked|no_option_marked"
"168","MSPAS_FL","Referiria el servicio | Referiria el servicio","BAse completa","FL","Referiria el servicio","yes_no_neutral_one_hot","exactly_one_or_none","one_hot_consistency","trim_upper_ascii + map_catalog_aliases","default_0","multiple_options_marked|no_option_marked"
"169","MSPAS_FM","Referiria el servicio | Referiria el servicio","BAse completa","FM","Referiria el servicio","yes_no_neutral_one_hot","exactly_one_or_none","one_hot_consistency","trim_upper_ascii + map_catalog_aliases","default_0","multiple_options_marked|no_option_marked"
"170","MSPAS_FN","Referiria el servicio | Referiria el servicio","BAse completa","FN","Referiria el servicio","yes_no_neutral_one_hot","exactly_one_or_none","one_hot_consistency","trim_upper_ascii + map_catalog_aliases","default_0","multiple_options_marked|no_option_marked"